-- phpMyAdmin SQL Dump
-- version 4.7.4
-- https://www.phpmyadmin.net/
--
-- Host: 127.0.0.1
-- Generation Time: Feb 09, 2018 at 05:14 PM
-- Server version: 10.1.30-MariaDB
-- PHP Version: 5.6.33

SET SQL_MODE = "NO_AUTO_VALUE_ON_ZERO";
SET AUTOCOMMIT = 0;
START TRANSACTION;
SET time_zone = "+00:00";


/*!40101 SET @OLD_CHARACTER_SET_CLIENT=@@CHARACTER_SET_CLIENT */;
/*!40101 SET @OLD_CHARACTER_SET_RESULTS=@@CHARACTER_SET_RESULTS */;
/*!40101 SET @OLD_COLLATION_CONNECTION=@@COLLATION_CONNECTION */;
/*!40101 SET NAMES utf8mb4 */;

--
-- Database: `ticketing`
--

-- --------------------------------------------------------

--
-- Table structure for table `acara`
--

CREATE TABLE `acara` (
  `id` int(11) NOT NULL,
  `nama_acara` varchar(255) NOT NULL,
  `tanggal_acara` date NOT NULL,
  `created_date` timestamp NOT NULL DEFAULT CURRENT_TIMESTAMP ON UPDATE CURRENT_TIMESTAMP
) ENGINE=InnoDB DEFAULT CHARSET=latin1;

--
-- Dumping data for table `acara`
--

INSERT INTO `acara` (`id`, `nama_acara`, `tanggal_acara`, `created_date`) VALUES
(1, 'Festival Bedah Jurusan 7', '2018-01-27', '2018-01-23 22:44:37'),
(2, 'Festival Bedah Jurusan 9', '2018-02-10', '2018-01-23 22:44:45'),
(3, 'Festival Bedah Jurusan 10', '2018-02-17', '2018-01-26 19:00:33'),
(4, 'Festival Bedah Jurusan 7 Siang', '2018-01-27', '2018-01-26 19:06:42');

-- --------------------------------------------------------

--
-- Table structure for table `acara_jurusan`
--

CREATE TABLE `acara_jurusan` (
  `id` int(11) NOT NULL,
  `id_jurusan` int(11) NOT NULL,
  `id_acara` int(11) NOT NULL,
  `pembicara` varchar(255) NOT NULL,
  `sesi` enum('1','2','3') NOT NULL,
  `kuota` int(11) NOT NULL,
  `created_date` timestamp NOT NULL DEFAULT CURRENT_TIMESTAMP ON UPDATE CURRENT_TIMESTAMP,
  `status` int(11) NOT NULL
) ENGINE=InnoDB DEFAULT CHARSET=latin1;

--
-- Dumping data for table `acara_jurusan`
--

INSERT INTO `acara_jurusan` (`id`, `id_jurusan`, `id_acara`, `pembicara`, `sesi`, `kuota`, `created_date`, `status`) VALUES
(1, 1, 1, 'Palupi', '1', 80, '2018-01-26 11:27:56', 0),
(2, 2, 1, 'Dewi Anggraeni', '1', 80, '2018-02-01 14:50:59', 0),
(3, 3, 1, 'Rifky Fadli Akbar', '1', 80, '2018-01-26 11:24:55', 0),
(4, 30, 1, 'Salma Fadhilah', '1', 80, '2018-01-26 11:24:55', 0),
(5, 4, 1, 'Dina ', '1', 80, '2018-01-26 11:24:55', 0),
(6, 5, 1, 'Andra', '2', 80, '2018-02-01 14:51:02', 0),
(7, 6, 1, 'Lovindri', '2', 80, '2018-01-26 11:24:55', 0),
(8, 7, 1, 'Irma', '2', 80, '2018-01-26 11:24:55', 0),
(9, 8, 1, 'Lintang', '2', 80, '2018-01-26 11:24:55', 0),
(10, 9, 1, 'M Rifqi Adiasya', '2', 80, '2018-02-01 14:51:06', 0),
(11, 10, 1, 'Hanum Rachmayanti', '3', 80, '2018-02-01 14:51:08', 0),
(12, 11, 1, 'Frita Sovia', '3', 80, '2018-01-26 11:24:55', 0),
(13, 12, 1, 'Raessa Fathul Alim', '3', 80, '2018-01-26 11:24:55', 0),
(14, 13, 1, 'Yuli Agung Prasetyo', '3', 80, '2018-01-26 11:24:55', 0),
(15, 14, 1, 'Irena Yasmin Djohan', '3', 80, '2018-01-26 11:24:55', 0),
(16, 15, 2, 'Ahmad Kosasih', '1', 80, '2018-01-26 11:24:55', 0),
(17, 16, 2, 'Aldo Pasaribu', '2', 80, '2018-02-08 14:43:01', 0),
(18, 17, 2, 'Puti', '1', 80, '2018-01-26 11:24:55', 0),
(19, 18, 2, 'Salma Hidayatullah Salsabila', '1', 80, '2018-01-26 11:24:55', 0),
(20, 19, 2, 'Aldy', '1', 80, '2018-01-26 11:24:55', 0),
(21, 20, 2, 'Nurul Aulia Dewi', '2', 80, '2018-01-26 11:24:55', 0),
(22, 21, 2, 'Sadiyah', '2', 80, '2018-01-26 11:24:55', 0),
(23, 22, 2, 'Zaky', '2', 80, '2018-01-26 11:24:55', 0),
(24, 23, 2, 'Irsyad', '2', 80, '2018-01-26 11:24:55', 0),
(25, 24, 2, 'Ditra Novtiansyah', '1', 80, '2018-02-08 14:43:05', 0),
(26, 25, 2, 'Goba Atlanta', '3', 80, '2018-01-26 11:24:55', 0),
(27, 26, 2, 'Ignasius Willy Nugroho', '3', 80, '2018-01-26 11:24:55', 0),
(28, 27, 2, 'Erni Rismiyanti', '3', 80, '2018-01-26 11:24:55', 0),
(29, 28, 2, 'Adlia Primadita', '3', 80, '2018-01-26 11:24:55', 0),
(30, 29, 2, 'Siapa', '3', 80, '2018-01-26 11:24:55', 0),
(31, 1, 3, '', '1', 80, '2018-01-26 11:24:55', 0),
(32, 2, 3, 'Belinda', '1', 80, '2018-01-26 11:24:55', 0),
(33, 3, 3, 'Rifky Fadli Akbar', '1', 80, '2018-01-26 11:24:55', 0),
(34, 30, 3, 'Salma Fadhilah', '1', 80, '2018-01-26 11:24:55', 0),
(35, 4, 3, 'Dina', '1', 80, '2018-01-26 11:24:55', 0),
(36, 6, 3, 'Lovindri', '2', 80, '2018-01-26 11:24:55', 0),
(37, 5, 3, 'Andra', '2', 80, '2018-01-26 11:24:55', 0),
(38, 7, 3, 'Irma', '2', 80, '2018-01-26 11:24:55', 0),
(39, 8, 3, 'Lintang', '2', 80, '2018-01-26 11:24:55', 0),
(40, 9, 3, 'M Rifqi Adiasya', '2', 80, '2018-01-26 11:24:55', 0),
(41, 10, 3, 'Hanum Rachmayanti', '3', 80, '2018-01-26 11:24:55', 0),
(42, 11, 3, 'Nanda', '3', 80, '2018-01-26 11:24:55', 0),
(43, 12, 3, 'Raessa Fathul Alim', '3', 80, '2018-01-26 11:24:55', 0),
(44, 13, 3, 'Yuli Agung Prasetyo', '3', 80, '2018-01-26 11:24:55', 0),
(45, 14, 3, 'Dandi Alamsyah', '3', 80, '2018-01-26 11:24:55', 0),
(46, 1, 4, 'Palupi', '1', 80, '2018-01-26 11:27:56', 0),
(47, 2, 4, 'Dewi Anggraeni', '1', 80, '2018-01-26 17:39:06', 1),
(48, 3, 4, 'Rifky Fadli Akbar', '1', 80, '2018-01-26 11:24:55', 0),
(49, 30, 4, 'Salma Fadhilah', '1', 80, '2018-01-26 11:24:55', 0),
(50, 4, 4, 'Dina ', '1', 80, '2018-01-26 11:24:55', 0),
(51, 5, 4, 'Andra', '2', 80, '2018-01-26 11:24:55', 0),
(52, 6, 4, 'Lovindri', '2', 80, '2018-01-26 11:24:55', 0),
(53, 7, 4, 'Irma', '2', 80, '2018-01-26 19:12:02', 0),
(54, 8, 4, 'Lintang', '2', 80, '2018-01-26 11:24:55', 0),
(55, 9, 4, 'M Rifqi Adiasya', '2', 80, '2018-01-26 18:00:54', 1),
(56, 10, 4, 'Hanum Rachmayanti', '3', 80, '2018-01-26 11:24:55', 0),
(57, 11, 4, 'Frita Sovia', '3', 80, '2018-01-26 11:24:55', 0),
(58, 12, 4, 'Raessa Fathul Alim', '3', 80, '2018-01-26 11:24:55', 0),
(59, 13, 4, 'Yuli Agung Prasetyo', '3', 80, '2018-01-26 11:24:55', 0),
(60, 14, 4, 'Irena Yasmin Djohan', '3', 80, '2018-01-26 11:24:55', 0);

-- --------------------------------------------------------

--
-- Table structure for table `jurusan`
--

CREATE TABLE `jurusan` (
  `id` int(11) NOT NULL,
  `major` varchar(255) NOT NULL,
  `created_date` timestamp NOT NULL DEFAULT CURRENT_TIMESTAMP ON UPDATE CURRENT_TIMESTAMP
) ENGINE=InnoDB DEFAULT CHARSET=latin1;

--
-- Dumping data for table `jurusan`
--

INSERT INTO `jurusan` (`id`, `major`, `created_date`) VALUES
(1, 'Pendidikan', '2018-01-23 22:09:02'),
(2, 'Pendidikan Dokter', '2018-01-23 22:09:02'),
(3, 'DKV', '2018-01-23 22:09:02'),
(4, 'Bahasa dan Sastra', '2018-01-23 22:09:02'),
(5, 'Hubungan Internasional', '2018-01-23 22:09:02'),
(6, 'Akuntansi', '2018-01-23 22:09:02'),
(7, 'Teknologi Pangan', '2018-01-23 22:09:02'),
(8, 'Ilmu Gizi', '2018-01-23 22:09:02'),
(9, 'Psikologi', '2018-01-23 22:09:02'),
(10, 'Ilmu Komunikasi', '2018-01-23 22:09:02'),
(11, 'Ilmu Hukum', '2018-01-23 22:09:02'),
(12, 'Teknologi Informasi', '2018-01-23 22:09:02'),
(13, 'Farmasi', '2018-01-23 22:09:02'),
(14, 'Teknik Industri', '2018-01-23 22:09:02'),
(15, 'Statistika', '2018-01-23 22:09:02'),
(16, 'Beacukai', '2018-01-23 22:09:02'),
(17, 'Arsitektur', '2018-01-23 22:09:02'),
(18, 'PAUD', '2018-01-23 22:09:02'),
(19, 'Manajemen Bisnis', '2018-01-23 22:09:02'),
(20, 'MICE', '2018-01-23 22:09:02'),
(21, 'Perkeretaapian', '2018-01-23 22:09:02'),
(22, 'Ilmu Kelautan', '2018-01-23 22:09:02'),
(23, 'Ekonomi Islam', '2018-01-23 22:09:02'),
(24, 'Teknik Kimia', '2018-01-23 22:09:02'),
(25, 'Teknika Pelayaran', '2018-01-23 22:09:02'),
(26, 'Pajak', '2018-01-23 22:09:02'),
(27, 'Kedokteran Gigi', '2018-01-23 22:09:02'),
(28, 'Aktuaria', '2018-01-23 22:09:02'),
(29, 'Game Design', '2018-01-23 22:09:02'),
(30, 'Fashion Design', '2018-01-23 22:28:06');

-- --------------------------------------------------------

--
-- Table structure for table `ticket`
--

CREATE TABLE `ticket` (
  `id` int(11) NOT NULL,
  `id_acara` int(11) NOT NULL,
  `nama_peserta` varchar(255) NOT NULL,
  `kelas` enum('Pagi','Siang') NOT NULL,
  `created_date` timestamp NOT NULL DEFAULT CURRENT_TIMESTAMP ON UPDATE CURRENT_TIMESTAMP
) ENGINE=InnoDB DEFAULT CHARSET=latin1;

--
-- Dumping data for table `ticket`
--

INSERT INTO `ticket` (`id`, `id_acara`, `nama_peserta`, `kelas`, `created_date`) VALUES
(2, 1, 'Muhammad Irvin', 'Pagi', '2018-01-26 10:40:39'),
(3, 1, 'Tasya salsabila dirgantari', 'Pagi', '2018-01-26 10:41:04'),
(4, 1, 'Risnawati puji lestari', 'Pagi', '2018-01-26 10:41:10'),
(5, 1, 'Adistya Nurani Z', 'Pagi', '2018-01-26 10:41:15'),
(6, 1, 'Titis Cahya', 'Pagi', '2018-01-26 10:41:37'),
(7, 1, 'Aulia salsa', 'Pagi', '2018-01-26 10:41:44'),
(8, 1, 'Alfina Zalfa S', 'Pagi', '2018-01-26 10:42:05'),
(9, 1, 'Amelia dian', 'Pagi', '2018-01-26 10:42:13'),
(10, 1, 'Asa Aflakha', 'Pagi', '2018-01-26 10:42:23'),
(11, 1, 'Zahrah Afifah', 'Pagi', '2018-01-26 10:42:37'),
(12, 1, 'Ardelia', 'Pagi', '2018-01-26 10:42:49'),
(13, 1, 'putri navisa', 'Pagi', '2018-01-26 10:42:59'),
(15, 1, 'Annissyah nurfitriani', 'Pagi', '2018-01-26 10:43:08'),
(16, 1, 'Mika Aulia', 'Pagi', '2018-01-26 10:43:12'),
(17, 1, 'Wafa', 'Pagi', '2018-01-26 10:43:18'),
(18, 1, 'Erythrina ', 'Pagi', '2018-01-26 10:43:33'),
(19, 1, 'Raras Dwinova', 'Pagi', '2018-01-26 10:43:38'),
(20, 1, 'Enrisa ', 'Pagi', '2018-01-26 10:43:46'),
(21, 1, 'Fadilah haya', 'Pagi', '2018-01-26 10:43:51'),
(22, 1, 'Fani Pangaribuan', 'Pagi', '2018-01-26 10:44:26'),
(23, 1, 'Zahra fikriya', 'Pagi', '2018-01-26 10:44:30'),
(24, 1, 'Hana', 'Pagi', '2018-01-26 10:44:54'),
(25, 1, 'Kafka', 'Pagi', '2018-01-26 10:45:24'),
(26, 1, 'Kazza', 'Pagi', '2018-01-26 10:46:36'),
(27, 1, 'Joseph Adrian', 'Pagi', '2018-01-26 10:47:01'),
(28, 1, 'Faras ayatullah', 'Pagi', '2018-01-26 10:47:25'),
(29, 1, 'Fairuuz Nur Fadhilah', 'Pagi', '2018-01-26 10:47:51'),
(30, 1, 'Syifa ahsyai hafidzah', 'Pagi', '2018-01-26 10:47:56'),
(31, 1, 'Jasmin azahra', 'Pagi', '2018-01-26 10:47:57'),
(32, 1, 'Desna Suci', 'Pagi', '2018-01-26 10:48:19'),
(33, 1, 'Khilya ashfiya', 'Pagi', '2018-01-26 10:48:26'),
(34, 1, 'Tarissa Putri', 'Pagi', '2018-01-26 10:48:31'),
(35, 1, 'Dinda Kania', 'Pagi', '2018-01-26 10:48:54'),
(36, 1, 'Anindya sekar', 'Pagi', '2018-01-26 10:49:15'),
(37, 1, 'Muhammad Ridho', 'Pagi', '2018-01-26 10:49:20'),
(38, 1, 'Muhammad Arif', 'Pagi', '2018-01-26 10:49:36'),
(39, 1, 'Feliciana auirilia olynda', 'Pagi', '2018-01-26 10:50:36'),
(40, 1, 'Rachel ', 'Pagi', '2018-01-26 10:52:26'),
(41, 1, 'Maharani', 'Pagi', '2018-01-26 10:52:34'),
(42, 1, 'Firda ulya', 'Pagi', '2018-01-26 10:52:35'),
(43, 1, 'Devasya maharani', 'Pagi', '2018-01-26 10:52:46'),
(44, 1, 'Azhranie putri', 'Pagi', '2018-01-26 10:53:13'),
(45, 1, 'Vania nabillah', 'Pagi', '2018-01-26 10:53:14'),
(46, 1, 'Difa Arvie', 'Pagi', '2018-01-26 10:53:23'),
(47, 1, 'Nadia putri', 'Pagi', '2018-01-26 10:53:23'),
(48, 1, 'Elly Astuty', 'Pagi', '2018-01-26 10:53:56'),
(49, 1, 'Rusfi ainurahma', 'Pagi', '2018-01-26 10:54:41'),
(50, 1, 'Ita Sa\'diah', 'Pagi', '2018-01-26 10:54:46'),
(51, 1, 'Poppy ', 'Pagi', '2018-01-26 10:55:31'),
(52, 1, 'Khansa khairunnisa', 'Pagi', '2018-01-26 10:55:34'),
(53, 1, 'Joya Ruth Amanda', 'Pagi', '2018-01-26 10:55:56'),
(54, 1, 'Achmad Syukri Raihan', 'Pagi', '2018-01-26 10:56:00'),
(55, 1, 'Salsabila f. R', 'Pagi', '2018-01-26 10:56:12'),
(56, 1, 'Muhammad Irsyad', 'Pagi', '2018-01-26 10:56:13'),
(57, 1, 'Nuraeni', 'Pagi', '2018-01-26 10:56:20'),
(58, 1, 'Qiqi naqiyah', 'Pagi', '2018-01-26 10:56:39'),
(59, 1, 'Salsabila rohmah', 'Pagi', '2018-01-26 10:56:42'),
(60, 1, 'Ahmad Nurhakim', 'Pagi', '2018-01-26 10:56:45'),
(61, 1, 'Fatimah Putri Jarir', 'Pagi', '2018-01-26 10:56:53'),
(62, 1, 'Zulfa Nafisah', 'Pagi', '2018-01-26 10:57:01'),
(63, 1, 'Ayu Fatimah', 'Pagi', '2018-01-26 10:57:09'),
(64, 1, 'Ernawati ', 'Pagi', '2018-01-26 10:57:14'),
(65, 1, 'Anita Riasman', 'Pagi', '2018-01-26 10:57:24'),
(66, 1, 'Lathifatul Irsyadah', 'Pagi', '2018-01-26 10:57:33'),
(67, 1, 'Ameliana', 'Pagi', '2018-01-26 10:57:35'),
(68, 1, 'Rheyna', 'Pagi', '2018-01-26 10:57:39'),
(69, 1, 'Yulia Azzahra', 'Pagi', '2018-01-26 10:58:03'),
(70, 1, 'Hafiz aziz muttaqin', 'Pagi', '2018-01-26 10:58:06'),
(71, 1, 'Muhammad Dafa Syukur ', 'Pagi', '2018-01-26 10:58:11'),
(72, 1, 'Resna Andriana', 'Pagi', '2018-01-26 10:58:13'),
(73, 1, 'Siti Aisyah', 'Pagi', '2018-01-26 10:58:24'),
(74, 1, 'Fataya Hasna', 'Pagi', '2018-01-26 10:58:37'),
(75, 1, 'Zahra ', 'Pagi', '2018-01-26 10:58:40'),
(76, 1, 'Safrizal abdul latief ', 'Pagi', '2018-01-26 10:58:40'),
(77, 1, 'Aransandya', 'Pagi', '2018-01-26 10:58:54'),
(78, 1, 'Muthia Azzahra', 'Pagi', '2018-01-26 10:59:01'),
(79, 1, 'Raisa Rahma', 'Pagi', '2018-01-26 10:59:07'),
(80, 1, 'Fian irfani', 'Pagi', '2018-01-26 10:59:12'),
(81, 1, 'Annisa Meuthia Nurul Fajrin', 'Pagi', '2018-01-26 10:59:27'),
(82, 1, 'Nabila Widya', 'Pagi', '2018-01-26 10:59:29'),
(83, 1, 'Ditia Khairunnisa', 'Pagi', '2018-01-26 10:59:51'),
(84, 1, 'Alya', 'Pagi', '2018-01-26 11:00:00'),
(85, 1, 'Aninda asmarani', 'Pagi', '2018-01-26 11:00:11'),
(86, 1, 'Risna', 'Pagi', '2018-01-26 11:00:14'),
(87, 1, 'Fitriana', 'Pagi', '2018-01-26 11:00:28'),
(88, 1, 'Andhara Aulia', 'Pagi', '2018-01-26 11:00:29'),
(89, 1, 'Silfiana tri damayanti', 'Pagi', '2018-01-26 11:00:32'),
(90, 1, 'Boyke', 'Pagi', '2018-01-26 11:00:50'),
(91, 1, 'Silfiana tri damayanti', 'Pagi', '2018-01-26 11:01:10'),
(92, 1, 'Fajrin', 'Pagi', '2018-01-26 11:01:32'),
(93, 1, 'Juan Olfin', 'Pagi', '2018-01-26 11:02:06'),
(94, 1, 'Triandhini cempaka sari', 'Pagi', '2018-01-26 11:02:52'),
(95, 1, 'Kyrie hanna', 'Pagi', '2018-01-26 11:02:56'),
(96, 1, 'Sontiar', 'Pagi', '2018-01-26 11:02:57'),
(97, 1, 'Rafi aziz', 'Pagi', '2018-01-26 11:03:20'),
(98, 1, 'Nuraini Adilah', 'Pagi', '2018-01-26 11:05:24'),
(99, 1, 'Putra adityo', 'Pagi', '2018-01-26 11:05:30'),
(100, 1, 'Sarah Saufika Zamzami', 'Pagi', '2018-01-26 11:05:36'),
(101, 1, 'Dita Sidznafiha', 'Pagi', '2018-01-26 11:05:41'),
(102, 1, 'Tariska', 'Pagi', '2018-01-26 11:07:22'),
(103, 1, 'Narissa', 'Pagi', '2018-01-26 11:07:28'),
(104, 1, 'Khalisa Rofila', 'Pagi', '2018-01-26 11:07:40'),
(105, 1, 'Shafa Syahada', 'Pagi', '2018-01-26 11:07:40'),
(106, 1, 'Karren', 'Pagi', '2018-01-26 11:08:00'),
(107, 1, 'Muhammad Ray', 'Pagi', '2018-01-26 11:08:29'),
(108, 1, 'Qurratun Nida Syafniwati', 'Pagi', '2018-01-26 11:08:34'),
(109, 1, 'Qurratunnada Syafnawati', 'Pagi', '2018-01-26 11:08:38'),
(110, 1, 'Audhia rizqita', 'Pagi', '2018-01-26 11:09:03'),
(111, 1, 'Putri Rachma', 'Pagi', '2018-01-26 11:09:41'),
(112, 1, 'Lulu Maslahah', 'Pagi', '2018-01-26 11:09:44'),
(113, 1, 'Rista nur fajrianti', 'Pagi', '2018-01-26 11:09:52'),
(114, 1, 'Adila Kartami Putri', 'Pagi', '2018-01-26 11:09:59'),
(115, 1, 'Ardhia ningtyas', 'Pagi', '2018-01-26 11:10:04'),
(116, 1, 'Farah Habibah', 'Pagi', '2018-01-26 11:10:16'),
(117, 1, 'Salsa peufera', 'Pagi', '2018-01-26 11:10:53'),
(118, 1, 'Aishadewi', 'Pagi', '2018-01-26 11:10:53'),
(119, 1, 'Sherenika Azalia', 'Pagi', '2018-01-26 11:10:55'),
(120, 1, 'Syifa salsabila', 'Pagi', '2018-01-26 11:11:12'),
(121, 1, 'Almira Salsabila', 'Pagi', '2018-01-26 11:11:21'),
(122, 1, 'Anisah nurdiah', 'Pagi', '2018-01-26 11:11:35'),
(123, 1, 'Raihanah Saarah', 'Pagi', '2018-01-26 11:11:51'),
(124, 1, 'Alisha Maera Jasmin', 'Pagi', '2018-01-26 11:12:00'),
(125, 1, 'Husna ashlihatul latifah', 'Pagi', '2018-01-26 11:12:35'),
(126, 1, 'Hikmah mardhiyyah', 'Pagi', '2018-01-26 11:12:38'),
(127, 1, 'Mohammad Rayhan Ramadano', 'Pagi', '2018-01-26 11:12:39'),
(128, 1, 'Nafisah', 'Pagi', '2018-01-26 11:12:43'),
(129, 1, 'Gizha Adhira', 'Pagi', '2018-01-26 11:12:46'),
(130, 1, 'Annisa najmia z', 'Pagi', '2018-01-26 11:13:13'),
(131, 1, 'Miskha', 'Pagi', '2018-01-26 11:13:20'),
(132, 1, 'Nabilla fitria', 'Pagi', '2018-01-26 11:13:23'),
(133, 1, 'Safira ', 'Pagi', '2018-01-26 11:13:42'),
(134, 1, 'Siti azzahra perwitasari', 'Pagi', '2018-01-26 11:13:45'),
(135, 1, 'Hilwa Rifa Mahira Syahdani', 'Pagi', '2018-01-26 11:14:14'),
(136, 1, 'Danella adisty', 'Pagi', '2018-01-26 11:14:21'),
(137, 1, 'Cut Rana', 'Pagi', '2018-01-26 11:14:55'),
(138, 1, 'Salma Nur Alieviarta', 'Pagi', '2018-01-26 11:15:18'),
(139, 1, 'Raisya ', 'Pagi', '2018-01-26 11:15:26'),
(140, 1, 'Dhia zalfa rahmadanti', 'Pagi', '2018-01-26 11:15:40'),
(141, 1, 'Johanes', 'Pagi', '2018-01-26 11:15:43'),
(142, 1, 'Devanya Farah Azarine', 'Pagi', '2018-01-26 11:15:49'),
(143, 1, 'Putu vidya', 'Pagi', '2018-01-26 11:16:05'),
(144, 1, 'Oktavian ', 'Pagi', '2018-01-26 11:16:05'),
(145, 1, 'Bashara Aina', 'Pagi', '2018-01-26 11:16:23'),
(146, 1, 'Ahmad Luthfi', 'Pagi', '2018-01-26 11:16:24'),
(147, 1, 'Ninta', 'Pagi', '2018-01-26 11:16:49'),
(148, 1, 'Mikael manaek', 'Pagi', '2018-01-26 11:16:57'),
(149, 1, 'Andini Puspo Sari', 'Pagi', '2018-01-26 11:17:11'),
(150, 1, 'Wina saraswati', 'Pagi', '2018-01-26 11:17:15'),
(151, 1, 'Hasna Rafifah Zahira Zalfa', 'Pagi', '2018-01-26 11:17:19'),
(152, 1, 'Aditya', 'Pagi', '2018-01-26 11:17:25'),
(153, 1, 'Ratu raira', 'Pagi', '2018-01-26 11:17:43'),
(154, 1, 'Tiffany Bianca', 'Pagi', '2018-01-26 11:17:56'),
(155, 1, 'Keytri erliasna', 'Pagi', '2018-01-26 11:18:15'),
(156, 1, 'Citra Lestari', 'Pagi', '2018-01-26 11:18:28'),
(157, 1, 'Tasya Ajrina', 'Pagi', '2018-01-26 11:18:36'),
(158, 1, 'Luciano Deandra', 'Pagi', '2018-01-26 11:19:20'),
(159, 1, 'Marlitha Indriani', 'Pagi', '2018-01-26 11:19:25'),
(160, 1, 'Affan fadhlan', 'Pagi', '2018-01-26 11:19:25'),
(161, 1, 'Rizka', 'Pagi', '2018-01-26 11:19:41'),
(162, 1, 'Muhammad Husnul Khitam', 'Pagi', '2018-01-26 11:19:46'),
(163, 1, 'Nadiva', 'Pagi', '2018-01-26 11:20:53'),
(164, 1, 'Farrel fachrezy', 'Pagi', '2018-01-26 11:22:31'),
(165, 1, 'Nabila Andien Chandra Permata', 'Pagi', '2018-01-26 11:22:48'),
(166, 1, 'Yulia', 'Pagi', '2018-01-26 11:22:52'),
(167, 1, 'Annisa Irdianti', 'Pagi', '2018-01-26 11:22:54'),
(169, 1, 'Fransisca novantia', 'Pagi', '2018-01-26 11:23:03'),
(170, 1, 'Nadhifa auria', 'Pagi', '2018-01-26 11:23:26'),
(171, 1, 'Nur Azizah R', 'Pagi', '2018-01-26 11:23:30'),
(172, 1, 'Sabrina Eka Fitriani', 'Pagi', '2018-01-26 11:23:35'),
(173, 1, 'Dari harits', 'Pagi', '2018-01-26 11:23:44'),
(174, 1, 'Nadia tari', 'Pagi', '2018-01-26 11:25:24'),
(175, 1, 'Riorizky Maharaja', 'Pagi', '2018-01-26 11:26:39'),
(176, 1, 'Fafa', 'Pagi', '2018-01-26 11:26:44'),
(177, 1, 'Arifiandhita Salsabila', 'Pagi', '2018-01-26 11:26:56'),
(178, 1, 'Fristyan Wilis Abilowo', 'Pagi', '2018-01-26 11:27:11'),
(179, 1, 'Zaskia Maya A', 'Pagi', '2018-01-26 11:27:37'),
(180, 1, 'Dafa satria amanda', 'Pagi', '2018-01-26 11:27:37'),
(181, 1, 'Diana K', 'Pagi', '2018-01-26 11:28:09'),
(182, 1, 'Ayunda Berliana Puspaningrum', 'Pagi', '2018-01-26 11:28:26'),
(183, 1, 'Maharani ayu', 'Pagi', '2018-01-26 11:28:32'),
(184, 1, 'Ika', 'Pagi', '2018-01-26 11:28:49'),
(185, 1, 'Putri salsabila', 'Pagi', '2018-01-26 11:29:10'),
(186, 1, 'Della Renanda Puspa', 'Pagi', '2018-01-26 11:29:14'),
(187, 1, 'Asa', 'Pagi', '2018-01-26 11:29:17'),
(188, 1, 'Evelyn Nathania', 'Pagi', '2018-01-26 11:29:20'),
(189, 1, 'Sonia alexandra theressia', 'Pagi', '2018-01-26 11:29:21'),
(190, 1, 'Alanza', 'Pagi', '2018-01-26 11:29:44'),
(191, 1, 'Anisa hanum', 'Pagi', '2018-01-26 11:29:52'),
(192, 1, 'Adriel Purba', 'Pagi', '2018-01-26 11:30:04'),
(193, 1, 'Tiara', 'Pagi', '2018-01-26 11:30:38'),
(194, 1, 'Mercy Silalahi', 'Pagi', '2018-01-26 11:30:48'),
(195, 1, 'Ahda S', 'Pagi', '2018-01-26 11:31:24'),
(196, 1, 'Khansa nurussyaban', 'Pagi', '2018-01-26 11:31:49'),
(197, 1, 'Travely Sarante', 'Pagi', '2018-01-26 11:31:51'),
(198, 1, 'Amandanu bramantya', 'Pagi', '2018-01-26 11:31:54'),
(199, 1, 'Rohana', 'Pagi', '2018-01-26 11:32:05'),
(200, 1, 'Naufal A', 'Pagi', '2018-01-26 11:32:07'),
(201, 1, 'Inayah R', 'Pagi', '2018-01-26 11:32:28'),
(202, 1, 'Putri', 'Pagi', '2018-01-26 11:33:54'),
(203, 1, 'Daffa wahyu', 'Pagi', '2018-01-26 11:34:14'),
(204, 1, 'Nur azizah', 'Pagi', '2018-01-26 11:37:33'),
(205, 1, 'Nabil', 'Pagi', '2018-01-26 11:38:48'),
(206, 1, 'Diba', 'Pagi', '2018-01-26 11:39:46'),
(207, 1, 'Gavia bunga', 'Pagi', '2018-01-26 11:39:47'),
(208, 1, 'Auralia Argarini', 'Pagi', '2018-01-26 11:41:57'),
(209, 1, 'Nisrina maulani', 'Pagi', '2018-01-26 11:42:02'),
(210, 1, 'Siti Sarah Marhanda', 'Pagi', '2018-01-26 11:42:07'),
(211, 1, 'Wulan', 'Pagi', '2018-01-26 11:42:17'),
(212, 1, 'Hisyam raka', 'Pagi', '2018-01-26 11:43:03'),
(213, 1, 'Siti aulia', 'Pagi', '2018-01-26 11:43:08'),
(214, 1, 'Rida', 'Pagi', '2018-01-26 11:43:27'),
(215, 1, 'Salma', 'Pagi', '2018-01-26 11:44:59'),
(216, 1, 'Sheilla Rosita', 'Pagi', '2018-01-26 11:45:01'),
(217, 1, 'Amanda Avi', 'Pagi', '2018-01-26 11:45:08'),
(218, 1, 'Riski puteri pribadi', 'Pagi', '2018-01-26 11:45:57'),
(219, 1, 'Nurmizania', 'Pagi', '2018-01-26 11:50:15'),
(220, 1, 'Carissa maharani', 'Pagi', '2018-01-26 11:50:19'),
(221, 1, 'Ningdyah Lestari', 'Pagi', '2018-01-26 11:50:40'),
(222, 1, 'Halimatul sadiah', 'Pagi', '2018-01-26 11:50:52'),
(223, 1, 'Kiara Dzihni', 'Pagi', '2018-01-26 11:51:04'),
(224, 1, 'Aulia Syifa', 'Pagi', '2018-01-26 12:00:20'),
(226, 1, 'Fayi firjatullah', 'Pagi', '2018-01-26 12:04:54'),
(227, 1, 'Hizkaia', 'Pagi', '2018-01-26 12:07:27'),
(228, 1, 'Muhammad thareq rinaldi', 'Pagi', '2018-01-26 12:07:30'),
(229, 1, 'Naufara', 'Pagi', '2018-01-26 12:14:05'),
(230, 1, 'Claudia', 'Pagi', '2018-01-26 12:14:47'),
(231, 1, 'Hanifah', 'Pagi', '2018-01-26 12:25:09'),
(232, 1, 'Rauda salsabila', 'Pagi', '2018-01-26 12:45:22'),
(233, 1, 'Michael Tiroi', 'Pagi', '2018-01-26 12:46:29'),
(234, 1, 'Muhammad Syablaudza', 'Pagi', '2018-01-26 12:48:21'),
(235, 1, 'Muhammad ikhsan zakky', 'Pagi', '2018-01-26 12:51:18'),
(237, 1, 'Nadiavietta', 'Pagi', '2018-01-26 13:12:23'),
(242, 1, 'Sindu nata', 'Pagi', '2018-01-26 13:40:46'),
(243, 1, 'Nadhra', 'Siang', '2018-01-26 13:43:57'),
(244, 1, 'Tania zahra wahyu Salsabila', 'Siang', '2018-01-26 13:49:55'),
(245, 1, 'Caroline Putri ', 'Siang', '2018-01-26 13:50:22'),
(246, 1, 'Bryan', 'Siang', '2018-01-26 13:51:10'),
(247, 1, 'Kieflan Nauval Aldri', 'Siang', '2018-01-26 13:52:08'),
(248, 1, 'Annisa utami', 'Pagi', '2018-01-26 13:53:44'),
(249, 1, 'Rosita', 'Siang', '2018-01-26 21:06:24'),
(250, 1, 'Tasya Kirei', 'Siang', '2018-01-26 21:06:58'),
(251, 1, 'Raditha Sekar', 'Siang', '2018-01-26 21:07:38'),
(252, 1, 'Hana Fadilah', 'Siang', '2018-01-26 21:08:14'),
(253, 1, 'Dinda Nur', 'Siang', '2018-01-26 21:08:56'),
(254, 1, 'Qurratu Aini', 'Siang', '2018-01-26 21:10:54'),
(255, 1, 'Alisya Z', 'Siang', '2018-01-26 21:11:44'),
(256, 1, 'Nanda safitri', 'Siang', '2018-01-26 21:12:25'),
(257, 1, 'Alisha Dwi', 'Siang', '2018-01-26 21:12:32'),
(258, 1, 'Hastari Rachmadani', 'Siang', '2018-01-26 21:12:45'),
(259, 1, 'Aisyah', 'Siang', '2018-01-26 21:13:13'),
(260, 1, 'Divanca Salma', 'Siang', '2018-01-26 21:15:22'),
(261, 1, 'Febriyanti', 'Siang', '2018-01-26 21:15:27'),
(262, 1, 'jonathan timoty', 'Siang', '2018-01-26 21:15:40'),
(263, 1, 'Rossa zahra', 'Siang', '2018-01-26 21:16:14'),
(264, 1, 'Riza Ghani', 'Siang', '2018-01-26 21:41:28'),
(265, 1, 'Farhan daffa', 'Siang', '2018-01-26 21:41:34'),
(266, 1, 'Fikri', 'Siang', '2018-01-26 21:41:57'),
(267, 1, 'Matthew ', 'Siang', '2018-01-26 21:41:57'),
(268, 1, 'Muhammad Fattah', 'Siang', '2018-01-26 21:42:15'),
(270, 1, 'Andreas', 'Siang', '2018-01-26 21:42:45'),
(271, 1, 'm. satrya', 'Siang', '2018-01-26 21:43:06'),
(272, 1, 'Jessita', 'Siang', '2018-01-26 21:43:11'),
(273, 1, 'Anju rodo oldo yosafat', 'Siang', '2018-01-26 21:43:15'),
(274, 1, 'Deliane Mega Adiyanti', 'Siang', '2018-01-26 21:43:28'),
(275, 1, 'Fiola', 'Siang', '2018-01-26 21:43:45'),
(276, 1, 'Sekar', 'Siang', '2018-01-26 21:44:13'),
(277, 1, 'Tiara Diva Muftashiva', 'Siang', '2018-01-26 21:44:25'),
(278, 1, 'Marsha', 'Siang', '2018-01-26 21:44:47'),
(279, 1, 'Izul', 'Siang', '2018-01-26 21:45:31'),
(280, 1, 'Muhammad Rifki', 'Siang', '2018-01-26 21:45:34'),
(281, 1, 'Risa', 'Siang', '2018-01-26 21:48:12'),
(282, 1, 'Clarina', 'Siang', '2018-01-26 21:48:20'),
(283, 1, 'Riztika Permata Arum', 'Siang', '2018-01-26 21:49:15'),
(284, 1, 'Keyla Larasati', 'Siang', '2018-01-26 21:57:51'),
(285, 1, 'Ishmah Hakini', 'Siang', '2018-01-26 21:57:54'),
(286, 1, 'Sholikah', 'Siang', '2018-01-26 21:58:05'),
(287, 1, 'Karienda', 'Siang', '2018-01-26 21:58:13'),
(288, 1, 'Nabila Silvian', 'Siang', '2018-01-26 21:59:29'),
(289, 1, 'Nafa', 'Siang', '2018-01-26 21:59:42'),
(290, 1, 'Antry windy lestari', 'Siang', '2018-01-26 21:59:48'),
(291, 1, 'Fiya bidarihawa', 'Siang', '2018-01-26 22:00:05'),
(292, 1, 'R.A Sekar', 'Siang', '2018-01-26 22:00:19'),
(293, 1, 'Raysa', 'Siang', '2018-01-26 22:01:03'),
(294, 1, 'Alfiah Qotrunnida ', 'Siang', '2018-01-26 22:01:07'),
(295, 1, 'Auryn', 'Siang', '2018-01-26 22:01:15'),
(296, 1, 'Annisa Trinita Cheesara', 'Siang', '2018-01-26 22:01:47'),
(297, 1, 'Arij marsha', 'Siang', '2018-01-26 22:02:05'),
(298, 1, 'Sultan Ardiyansyah', 'Siang', '2018-01-26 22:02:08'),
(299, 1, 'Rachel Delia', 'Siang', '2018-01-26 22:02:11'),
(300, 1, 'Sherafinna ', 'Siang', '2018-01-26 22:02:55'),
(301, 1, 'Fani', 'Siang', '2018-01-26 22:02:55'),
(302, 1, 'Zofar Putra', 'Siang', '2018-01-26 22:02:58'),
(303, 1, 'Nadhea aurellia', 'Siang', '2018-01-26 22:02:59'),
(304, 1, 'Dhiaul izzah ramadhani', 'Siang', '2018-01-26 22:03:50'),
(305, 1, 'Lintang kinasih', 'Siang', '2018-01-26 22:05:54'),
(306, 1, 'Arni winona', 'Siang', '2018-01-26 22:07:16'),
(307, 1, 'Nurul Almiah', 'Siang', '2018-01-26 22:08:13'),
(308, 1, 'Siti Zahra Rarasati', 'Siang', '2018-01-26 22:08:18'),
(309, 1, 'Dinda airilita', 'Siang', '2018-01-26 22:08:26'),
(310, 1, 'Dania Almarena Sanjaya', 'Siang', '2018-01-26 22:10:46'),
(311, 1, 'Priska', 'Siang', '2018-01-26 22:10:50'),
(312, 1, 'Rania Rachmadina', 'Siang', '2018-01-26 22:10:54'),
(313, 1, 'Maritza maysun griselda', 'Siang', '2018-01-26 22:11:06'),
(314, 1, 'Erika', 'Siang', '2018-01-26 22:11:33'),
(315, 1, 'Alda Nanda', 'Siang', '2018-01-26 22:11:44'),
(316, 1, 'Shevira dwi lestari', 'Siang', '2018-01-26 22:12:16'),
(317, 1, 'Gupita', 'Siang', '2018-01-26 22:12:25'),
(318, 1, 'Raddiyatan Mardyah', 'Siang', '2018-01-26 22:12:27'),
(319, 1, 'Monica', 'Siang', '2018-01-26 22:13:05'),
(320, 1, 'Syafia mufida', 'Siang', '2018-01-26 22:13:06'),
(321, 1, 'Adnyna noor', 'Siang', '2018-01-26 22:13:48'),
(322, 1, 'Najla luthfia', 'Siang', '2018-01-26 22:14:40'),
(323, 1, 'Alfani Rizky', 'Siang', '2018-01-26 22:15:04'),
(324, 1, 'Mutiara aurel', 'Siang', '2018-01-26 22:16:02'),
(325, 1, 'Farrel Rasyad', 'Siang', '2018-01-26 22:16:16'),
(326, 1, 'Ariel Brandon', 'Siang', '2018-01-26 22:16:29'),
(327, 1, 'Matheus todo', 'Siang', '2018-01-26 22:16:43'),
(328, 1, 'Faiza aqiela zuma', 'Siang', '2018-01-26 22:16:47'),
(329, 1, 'Abigail samuelle', 'Siang', '2018-01-26 22:19:20'),
(330, 1, 'Indah Nofitasari', 'Siang', '2018-01-26 22:20:39'),
(331, 1, 'Saraswati Widuri', 'Siang', '2018-01-26 22:20:55'),
(332, 1, 'Anastasia yolanda', 'Siang', '2018-01-26 22:21:05'),
(333, 1, 'Julia dewi', 'Siang', '2018-01-26 22:21:39'),
(334, 1, 'Aisya Mahmuda', 'Siang', '2018-01-26 22:21:42'),
(335, 1, 'Auliya fathi', 'Siang', '2018-01-26 22:21:44'),
(336, 1, 'Szasza Aqila', 'Siang', '2018-01-26 22:22:25'),
(337, 1, 'Widiatan', 'Siang', '2018-01-26 22:22:29'),
(338, 1, 'Wardah', 'Siang', '2018-01-26 22:22:38'),
(339, 1, 'Rizkika Aletha', 'Siang', '2018-01-26 22:22:55'),
(340, 1, 'Vadella agustin', 'Siang', '2018-01-26 22:23:05'),
(341, 1, 'Tia nabila', 'Siang', '2018-01-26 22:23:07'),
(342, 1, 'Afifah Tsania', 'Siang', '2018-01-26 22:23:16'),
(343, 1, 'Niputu ardia', 'Siang', '2018-01-26 22:24:52'),
(344, 1, 'Sella', 'Siang', '2018-01-26 22:24:56'),
(345, 1, 'Nasiti adibestari', 'Siang', '2018-01-26 22:25:03'),
(346, 1, 'Ni Kadek Dhairya', 'Siang', '2018-01-26 22:25:05'),
(347, 1, 'Julindyaswari', 'Siang', '2018-01-26 22:25:30'),
(348, 1, 'Khalisa naura', 'Siang', '2018-01-26 22:25:37'),
(349, 1, 'Sarvira ', 'Siang', '2018-01-26 22:25:41'),
(350, 1, 'Khafifha', 'Siang', '2018-01-26 22:25:46'),
(351, 1, 'Syaharani Azzahra', 'Siang', '2018-01-26 22:25:59'),
(352, 1, 'Dhyanida', 'Siang', '2018-01-26 22:26:16'),
(353, 1, 'Hafifah', 'Siang', '2018-01-26 22:26:30'),
(354, 1, 'Mawar Ningrum', 'Siang', '2018-01-26 22:26:36'),
(355, 1, 'Fadila', 'Siang', '2018-01-26 22:26:36'),
(356, 1, 'Chaerani eristya ', 'Siang', '2018-01-26 22:26:59'),
(357, 1, 'Aliya afifah', 'Siang', '2018-01-26 22:27:03'),
(358, 1, 'Ananda', 'Siang', '2018-01-26 22:27:08'),
(359, 1, 'Delia putri', 'Siang', '2018-01-26 22:27:41'),
(360, 1, 'Raidah Fawwazah', 'Siang', '2018-01-26 22:30:56'),
(361, 1, 'Aryo Danang abiseno', 'Siang', '2018-01-26 22:32:07'),
(362, 1, 'Daiva', 'Siang', '2018-01-26 22:32:22'),
(363, 1, 'Ahmad sugiarjo', 'Siang', '2018-01-26 22:32:22'),
(364, 1, 'Tatsbita', 'Siang', '2018-01-26 22:34:27'),
(365, 1, 'Juansa Pitter', 'Siang', '2018-01-26 22:35:32'),
(366, 1, 'Novi Mayani', 'Siang', '2018-01-26 22:35:49'),
(367, 1, 'Fakhria', 'Siang', '2018-01-26 22:36:05'),
(368, 1, 'Nabela intan', 'Siang', '2018-01-26 22:36:05'),
(369, 1, 'Fanesa', 'Siang', '2018-01-26 22:36:39'),
(370, 1, 'Kamilia Selena', 'Siang', '2018-01-26 22:36:46'),
(371, 1, 'Mayra', 'Siang', '2018-01-26 22:39:11'),
(372, 1, 'Ezzy', 'Siang', '2018-01-26 22:40:08'),
(373, 1, 'Mutiara syafaah', 'Siang', '2018-01-26 22:41:18'),
(374, 1, 'Ananda rahmadini', 'Siang', '2018-01-26 22:41:21'),
(375, 1, 'Himmatul aulia', 'Siang', '2018-01-26 22:41:55'),
(376, 1, 'Alfi', 'Siang', '2018-01-26 22:42:05'),
(377, 1, 'Irbah Nisrina', 'Siang', '2018-01-26 22:42:10'),
(378, 1, 'Mayang Gupita', 'Siang', '2018-01-26 22:42:20'),
(379, 1, 'Fadhila rahardiani', 'Siang', '2018-01-26 22:42:35'),
(380, 1, 'Tsulis', 'Siang', '2018-01-26 22:42:44'),
(381, 1, 'Kanaya anindita', 'Siang', '2018-01-26 22:42:54'),
(382, 1, 'Anel Meydina', 'Siang', '2018-01-26 22:43:41'),
(383, 1, 'Anindya prati samara', 'Siang', '2018-01-26 22:43:57'),
(384, 1, 'Fatimah', 'Siang', '2018-01-26 22:44:01'),
(385, 1, 'I nyoman arya', 'Siang', '2018-01-26 22:45:27'),
(386, 1, 'Cheryll', 'Siang', '2018-01-26 22:50:21'),
(387, 1, 'Luqman wicaksoni', 'Siang', '2018-01-26 22:51:18'),
(388, 1, 'Muhammad ramiza ahsan', 'Siang', '2018-01-26 22:52:03'),
(389, 1, 'Setiyadi', 'Siang', '2018-01-26 22:52:54'),
(390, 1, 'Rizky surya', 'Siang', '2018-01-26 22:53:36'),
(391, 1, 'Leonardo', 'Siang', '2018-01-26 22:54:14'),
(392, 1, 'Riki kusuma', 'Siang', '2018-01-26 22:54:54'),
(393, 1, 'Nanda shafira', 'Siang', '2018-01-26 22:55:35'),
(394, 1, 'Zahwa fajra', 'Siang', '2018-01-26 22:57:09'),
(395, 1, 'Bella bunga ', 'Siang', '2018-01-26 23:00:31'),
(396, 1, 'Yoga Novianto', 'Siang', '2018-01-26 23:00:55'),
(397, 1, 'Annisa nur azizah', 'Siang', '2018-01-26 23:01:05'),
(398, 1, 'Aqilah saffanah', 'Pagi', '2018-01-26 23:01:08'),
(399, 1, 'Wina Adisty', 'Siang', '2018-01-26 23:01:08'),
(400, 1, 'aurellia callista', 'Siang', '2018-01-26 23:01:13'),
(401, 1, 'Fahrizqi', 'Siang', '2018-01-26 23:01:21'),
(402, 1, 'Maylinda Putri Azzahra', 'Siang', '2018-01-26 23:01:25'),
(403, 1, 'M irsyad', 'Siang', '2018-01-26 23:01:33'),
(404, 1, 'Firda Salsabila', 'Siang', '2018-01-26 23:01:38'),
(405, 1, 'Vanesa', 'Siang', '2018-01-26 23:01:44'),
(406, 1, 'Elizabeth Magdalena', 'Siang', '2018-01-26 23:01:53'),
(407, 1, 'Aqilah saffanah', 'Siang', '2018-01-26 23:02:01'),
(408, 1, 'Audina', 'Siang', '2018-01-26 23:02:06'),
(409, 1, 'Hanifiatus Shamhah', 'Siang', '2018-01-26 23:02:09'),
(410, 1, 'Ivan', 'Siang', '2018-01-26 23:02:20'),
(411, 1, 'david cristian', 'Siang', '2018-01-26 23:02:23'),
(412, 1, 'Alisa kiasati', 'Siang', '2018-01-26 23:02:26'),
(413, 1, 'Dirgantara Firhan Ali', 'Siang', '2018-01-26 23:02:35'),
(414, 1, 'Nur syamsiah', 'Siang', '2018-01-26 23:02:37'),
(415, 1, 'Yasa widayati', 'Siang', '2018-01-26 23:02:50'),
(416, 1, 'Tiara', 'Siang', '2018-01-26 23:02:51'),
(417, 1, 'Jihan', 'Siang', '2018-01-26 23:03:00'),
(418, 1, 'Nur Rahma Juita', 'Siang', '2018-01-26 23:03:02'),
(419, 1, 'Nadhif Anandito Wardana', 'Siang', '2018-01-26 23:03:24'),
(420, 1, 'diyyanah', 'Siang', '2018-01-26 23:03:32'),
(421, 1, 'Sandi raihan', 'Siang', '2018-01-26 23:03:32'),
(422, 1, 'Hans Julian', 'Siang', '2018-01-26 23:03:36'),
(423, 1, 'Augi', 'Siang', '2018-01-26 23:03:58'),
(424, 1, 'Maulidya Nabila', 'Siang', '2018-01-26 23:04:02'),
(425, 1, 'Jihan', 'Siang', '2018-01-26 23:04:07'),
(426, 1, 'brenda', 'Siang', '2018-01-26 23:04:20'),
(427, 1, 'Satria', 'Siang', '2018-01-26 23:04:29'),
(428, 1, 'Enrico', 'Siang', '2018-01-26 23:05:01'),
(429, 1, 'Nanda annisa', 'Siang', '2018-01-26 23:05:03'),
(430, 1, 'Azhim Rama', 'Siang', '2018-01-26 23:05:10'),
(431, 1, 'Aleksander Agung', 'Siang', '2018-01-26 23:05:32'),
(432, 1, 'Heralf', 'Siang', '2018-01-26 23:05:39'),
(433, 1, 'Olivia', 'Siang', '2018-01-26 23:06:04'),
(434, 1, 'Syifa Salsabila', 'Siang', '2018-01-26 23:06:13'),
(435, 1, 'almira salsabila', 'Siang', '2018-01-26 23:06:36'),
(436, 1, 'Riestario', 'Siang', '2018-01-26 23:06:48'),
(437, 1, 'Assyifa farras', 'Siang', '2018-01-26 23:08:16'),
(438, 1, 'Azzahra', 'Siang', '2018-01-26 23:10:07'),
(439, 1, 'Grania Salsabila Ghassani', 'Siang', '2018-01-26 23:10:12'),
(440, 1, 'Ranti', 'Siang', '2018-01-26 23:10:12'),
(441, 1, 'Alexandra Alyssa', 'Siang', '2018-01-26 23:10:46'),
(442, 1, 'Aishasiwi', 'Siang', '2018-01-26 23:10:55'),
(443, 1, 'Angelia michelle', 'Siang', '2018-01-26 23:11:05'),
(444, 1, 'Stanley M', 'Siang', '2018-01-26 23:11:19'),
(445, 1, 'Cut Hana Sita Z F', 'Siang', '2018-01-26 23:11:32'),
(446, 1, 'Gaizkia Adeline', 'Siang', '2018-01-26 23:11:41'),
(447, 1, 'Namira', 'Siang', '2018-01-26 23:11:45'),
(448, 1, 'Reekha', 'Siang', '2018-01-26 23:12:32'),
(449, 1, 'Rini cahyani', 'Siang', '2018-01-26 23:12:46'),
(450, 1, 'Rini cahyani', 'Siang', '2018-01-26 23:13:11'),
(451, 1, 'Indah', 'Siang', '2018-01-26 23:13:23'),
(452, 1, 'Susilawati', 'Siang', '2018-01-26 23:13:45'),
(453, 1, 'Bekti diba', 'Siang', '2018-01-26 23:14:16'),
(454, 1, 'Putri Muslimah', 'Siang', '2018-01-26 23:14:25'),
(455, 1, 'Fatimatu zahra', 'Siang', '2018-01-26 23:14:33'),
(456, 1, 'Anisq', 'Siang', '2018-01-26 23:14:45'),
(457, 1, 'Ilhani Sekar', 'Siang', '2018-01-26 23:15:03'),
(458, 1, 'Vivi nuraini', 'Siang', '2018-01-26 23:15:06'),
(459, 1, 'Nada', 'Siang', '2018-01-26 23:15:19'),
(460, 1, 'Astria', 'Siang', '2018-01-26 23:15:39'),
(461, 1, 'Shafrila Sri ningtyas', 'Siang', '2018-01-26 23:15:43'),
(462, 1, 'Ahmad Rizq Dzaky', 'Siang', '2018-01-26 23:15:59'),
(463, 1, 'Adela chandra', 'Siang', '2018-01-26 23:16:22'),
(464, 1, 'Selvira Azizah putri', 'Siang', '2018-01-26 23:16:29'),
(465, 1, 'Fadia', 'Siang', '2018-01-26 23:16:33'),
(466, 1, 'Nadhil Alif ', 'Siang', '2018-01-26 23:16:45'),
(467, 1, 'Putri allifya', 'Siang', '2018-01-26 23:17:08'),
(468, 1, 'Laila', 'Siang', '2018-01-26 23:17:09'),
(469, 1, 'Riris', 'Siang', '2018-01-26 23:17:17'),
(470, 1, 'Nurul syifa', 'Siang', '2018-01-26 23:17:38'),
(471, 1, 'Nabila', 'Siang', '2018-01-26 23:19:18'),
(472, 1, 'Callista Azzahra', 'Siang', '2018-01-26 23:19:20'),
(473, 1, 'Putri elvri amanda', 'Siang', '2018-01-26 23:19:31'),
(474, 1, 'Nicolas', 'Siang', '2018-01-26 23:19:49'),
(475, 1, 'Sherin anasya', 'Siang', '2018-01-26 23:20:20'),
(476, 1, 'Aurellia', 'Siang', '2018-01-26 23:20:24'),
(477, 1, 'Hamzah', 'Siang', '2018-01-26 23:20:29'),
(478, 1, 'Lora Augit', 'Siang', '2018-01-26 23:21:36'),
(479, 1, 'Leonardus freezon teguna ginting', 'Siang', '2018-01-26 23:22:58'),
(480, 1, 'Maoshan', 'Siang', '2018-01-26 23:23:45'),
(481, 1, 'Vierina', 'Siang', '2018-01-26 23:24:35'),
(482, 1, 'Willius littojoyo', 'Siang', '2018-01-26 23:24:45'),
(483, 1, 'Steven Widjaja', 'Siang', '2018-01-26 23:24:52'),
(484, 1, 'Sofie', 'Siang', '2018-01-26 23:25:33'),
(485, 1, 'Nasyafka Dinanti', 'Siang', '2018-01-26 23:25:37'),
(486, 1, 'Az-Zahra angelina', 'Siang', '2018-01-26 23:25:47'),
(487, 1, 'Putri nosalia', 'Siang', '2018-01-26 23:26:12'),
(488, 1, 'Nabela intan d', 'Siang', '2018-01-26 23:28:24'),
(489, 1, 'Jasen N', 'Siang', '2018-01-26 23:29:17'),
(490, 1, 'Fabian', 'Siang', '2018-01-26 23:29:55'),
(491, 1, 'Qinthara  hadiyan', 'Siang', '2018-01-26 23:29:57'),
(492, 1, 'Dewi', 'Siang', '2018-01-26 23:30:06'),
(494, 1, 'Audrey Griseila', 'Siang', '2018-01-26 23:32:36'),
(495, 1, 'Jodi Julio', 'Siang', '2018-01-26 23:33:17'),
(496, 1, 'Jesslyn angela', 'Siang', '2018-01-26 23:33:31'),
(497, 1, 'Istiqomah', 'Siang', '2018-01-26 23:33:55'),
(498, 1, 'Sara catherina', 'Siang', '2018-01-26 23:33:57'),
(499, 1, 'Radwa Iftikar', 'Siang', '2018-01-26 23:34:07'),
(500, 1, 'Carissa', 'Siang', '2018-01-26 23:34:10'),
(501, 1, 'Chika marsena', 'Siang', '2018-01-26 23:34:46'),
(502, 1, 'Qanita mahira', 'Siang', '2018-01-26 23:35:16'),
(503, 1, 'Rizky nauvalif aditya', 'Siang', '2018-01-26 23:38:32'),
(504, 1, 'Akmal Cholif', 'Siang', '2018-01-26 23:38:52'),
(505, 1, 'Shifa Nazwa', 'Siang', '2018-01-26 23:39:40'),
(506, 1, 'Tasha Amelia', 'Siang', '2018-01-26 23:40:32'),
(508, 1, 'Michelle Patricia', 'Siang', '2018-01-26 23:43:35'),
(509, 1, 'Shelin', 'Siang', '2018-01-26 23:43:55'),
(510, 1, 'Ivan Karies Pinasthika', 'Siang', '2018-01-26 23:44:49'),
(511, 1, 'Wanda Rahmalestari', 'Siang', '2018-01-26 23:44:54'),
(512, 1, 'Muhammad Fahmi', 'Siang', '2018-01-26 23:45:05'),
(513, 1, 'Nina kurniawati', 'Siang', '2018-01-26 23:45:17'),
(514, 1, 'Fauzan Fatih', 'Siang', '2018-01-26 23:46:34'),
(515, 1, 'Nabila ', 'Siang', '2018-01-26 23:47:49'),
(516, 1, 'Tania sari santosa', 'Siang', '2018-01-26 23:48:29'),
(517, 1, 'Fransiska yulia', 'Siang', '2018-01-26 23:49:29'),
(518, 1, 'Divanda Rekhadiasta', 'Siang', '2018-01-26 23:52:19'),
(519, 1, 'Putri larasati', 'Siang', '2018-01-26 23:52:38'),
(522, 1, 'Tiara Sadira', 'Siang', '2018-01-26 23:58:49'),
(523, 1, 'Aqsat', 'Siang', '2018-01-26 23:59:22'),
(524, 1, 'Daniel Febriyantoha', 'Siang', '2018-01-27 00:00:01'),
(525, 1, 'Theresia Fioni', 'Siang', '2018-01-27 00:02:57'),
(526, 1, 'rindiani santana', 'Siang', '2018-01-27 00:03:25'),
(527, 1, 'Vani Indriana', 'Siang', '2018-01-27 00:03:33'),
(528, 1, 'Adriel', 'Siang', '2018-01-27 00:11:59'),
(529, 1, 'Melisa Angelia', 'Siang', '2018-01-27 00:12:09'),
(530, 1, 'Setyo', 'Siang', '2018-01-27 00:14:27'),
(531, 1, 'Faiha', 'Siang', '2018-01-27 00:35:28'),
(532, 1, 'Satrya ken', 'Siang', '2018-01-27 00:37:21'),
(533, 1, 'John', 'Siang', '2018-01-27 00:49:00'),
(534, 1, 'Sevia', 'Siang', '2018-01-27 00:49:14'),
(535, 1, '', 'Pagi', '2018-02-01 09:14:13'),
(536, 1, '', 'Pagi', '2018-02-01 09:19:04'),
(537, 1, '', 'Pagi', '2018-02-01 09:19:23'),
(538, 1, 'Muhammad Fajri', 'Pagi', '2018-02-01 09:20:14'),
(539, 1, '', 'Pagi', '2018-02-01 09:20:17'),
(540, 1, '', 'Pagi', '2018-02-01 09:20:19'),
(541, 1, '', 'Pagi', '2018-02-01 09:26:09'),
(542, 1, '', 'Pagi', '2018-02-01 09:26:18'),
(543, 1, 'Muhammad Fajrin', 'Pagi', '2018-02-01 09:29:47'),
(544, 1, 'Muhammad Fajrin', 'Pagi', '2018-02-01 09:31:44'),
(545, 1, 'Muhammad Fajrin', 'Pagi', '2018-02-01 09:55:05'),
(546, 1, '', 'Pagi', '2018-02-01 10:07:05'),
(547, 1, 'Muhammad Fajrin', 'Pagi', '2018-02-01 10:13:40'),
(548, 1, '', 'Pagi', '2018-02-01 10:13:44'),
(549, 1, 'Muhammad Fajrin', 'Pagi', '2018-02-01 10:13:52'),
(550, 1, '', 'Pagi', '2018-02-01 10:13:59');

-- --------------------------------------------------------

--
-- Table structure for table `ticket_detail`
--

CREATE TABLE `ticket_detail` (
  `id` int(11) NOT NULL,
  `ticket_id` int(11) NOT NULL,
  `jurusan_id` int(11) NOT NULL
) ENGINE=InnoDB DEFAULT CHARSET=latin1;

--
-- Dumping data for table `ticket_detail`
--

INSERT INTO `ticket_detail` (`id`, `ticket_id`, `jurusan_id`) VALUES
(4, 2, 4),
(5, 2, 5),
(6, 2, 10),
(7, 3, 4),
(8, 3, 9),
(9, 3, 10),
(10, 4, 4),
(11, 4, 9),
(12, 4, 10),
(13, 5, 2),
(14, 5, 8),
(15, 5, 13),
(16, 6, 4),
(17, 6, 5),
(18, 6, 10),
(19, 7, 2),
(20, 7, 7),
(21, 7, 13),
(22, 8, 2),
(23, 8, 6),
(24, 8, 11),
(25, 9, 2),
(26, 9, 8),
(27, 9, 13),
(28, 10, 1),
(29, 10, 9),
(30, 10, 10),
(31, 11, 1),
(32, 11, 9),
(33, 11, 10),
(34, 12, 3),
(35, 12, 6),
(36, 12, 14),
(37, 13, 4),
(38, 13, 8),
(39, 13, 13),
(43, 15, 4),
(44, 15, 8),
(45, 15, 13),
(46, 16, 2),
(47, 16, 9),
(48, 16, 14),
(49, 17, 2),
(50, 17, 7),
(51, 17, 13),
(52, 18, 1),
(53, 18, 9),
(54, 18, 14),
(55, 19, 3),
(56, 19, 8),
(57, 19, 13),
(58, 20, 3),
(59, 20, 5),
(60, 20, 12),
(61, 21, 3),
(62, 21, 8),
(63, 21, 13),
(64, 22, 2),
(65, 22, 9),
(66, 22, 12),
(67, 23, 2),
(68, 23, 9),
(69, 23, 13),
(70, 24, 3),
(71, 24, 5),
(72, 24, 12),
(73, 25, 4),
(74, 25, 5),
(75, 25, 12),
(76, 26, 4),
(77, 26, 5),
(78, 26, 11),
(79, 27, 3),
(80, 27, 5),
(81, 27, 12),
(82, 28, 3),
(83, 28, 5),
(84, 28, 10),
(85, 29, 2),
(86, 29, 6),
(87, 29, 13),
(88, 30, 2),
(89, 30, 9),
(90, 30, 13),
(91, 31, 4),
(92, 31, 8),
(93, 31, 13),
(94, 32, 1),
(95, 32, 6),
(96, 32, 11),
(97, 33, 3),
(98, 33, 9),
(99, 33, 10),
(100, 34, 4),
(101, 34, 9),
(102, 34, 11),
(103, 35, 3),
(104, 35, 9),
(105, 35, 10),
(106, 36, 4),
(107, 36, 5),
(108, 36, 10),
(109, 37, 4),
(110, 37, 9),
(111, 37, 13),
(112, 38, 4),
(113, 38, 5),
(114, 38, 10),
(115, 39, 4),
(116, 39, 5),
(117, 39, 12),
(118, 40, 2),
(119, 40, 9),
(120, 40, 14),
(121, 41, 4),
(122, 41, 5),
(123, 41, 11),
(124, 42, 30),
(125, 42, 6),
(126, 42, 10),
(127, 43, 30),
(128, 43, 5),
(129, 43, 11),
(130, 44, 4),
(131, 44, 6),
(132, 44, 14),
(133, 45, 2),
(134, 45, 9),
(135, 45, 11),
(136, 46, 1),
(137, 46, 9),
(138, 47, 2),
(139, 46, 10),
(140, 47, 9),
(141, 47, 11),
(142, 48, 4),
(143, 48, 6),
(144, 48, 14),
(145, 49, 1),
(146, 49, 6),
(147, 49, 13),
(148, 50, 1),
(149, 50, 8),
(150, 50, 13),
(151, 51, 4),
(152, 51, 9),
(153, 51, 11),
(154, 52, 3),
(155, 52, 9),
(156, 52, 11),
(157, 53, 2),
(158, 53, 9),
(159, 53, 13),
(160, 54, 2),
(161, 54, 9),
(162, 54, 13),
(163, 55, 2),
(164, 55, 5),
(165, 55, 12),
(166, 56, 2),
(167, 56, 8),
(168, 56, 12),
(169, 57, 4),
(170, 57, 5),
(171, 57, 13),
(172, 58, 4),
(173, 58, 5),
(174, 58, 12),
(175, 59, 4),
(176, 59, 9),
(177, 59, 13),
(178, 60, 1),
(179, 60, 9),
(180, 60, 11),
(181, 61, 4),
(182, 61, 5),
(183, 61, 11),
(184, 62, 2),
(185, 62, 9),
(186, 62, 13),
(187, 63, 2),
(188, 63, 9),
(189, 63, 11),
(190, 64, 2),
(191, 64, 8),
(192, 64, 13),
(193, 65, 2),
(194, 65, 9),
(195, 65, 13),
(196, 66, 1),
(197, 66, 8),
(198, 66, 13),
(199, 67, 1),
(200, 67, 9),
(201, 67, 13),
(202, 68, 2),
(203, 68, 6),
(204, 68, 13),
(205, 69, 4),
(206, 69, 5),
(207, 69, 12),
(208, 70, 2),
(209, 70, 7),
(210, 70, 14),
(211, 71, 1),
(212, 71, 7),
(213, 71, 11),
(214, 72, 1),
(215, 72, 9),
(216, 72, 13),
(217, 73, 2),
(218, 73, 9),
(219, 73, 13),
(220, 74, 2),
(221, 74, 7),
(222, 74, 13),
(223, 75, 2),
(224, 75, 7),
(225, 75, 14),
(226, 76, 3),
(227, 76, 9),
(228, 76, 12),
(229, 77, 2),
(230, 77, 6),
(231, 77, 13),
(232, 78, 1),
(233, 78, 9),
(234, 78, 13),
(235, 79, 2),
(236, 79, 7),
(237, 79, 14),
(238, 80, 3),
(239, 80, 9),
(240, 80, 12),
(241, 81, 2),
(242, 81, 7),
(243, 81, 14),
(244, 82, 30),
(245, 82, 5),
(246, 82, 13),
(247, 83, 2),
(248, 83, 6),
(249, 83, 13),
(250, 84, 2),
(251, 84, 8),
(252, 84, 13),
(253, 85, 1),
(254, 85, 5),
(255, 85, 10),
(256, 86, 1),
(257, 86, 5),
(258, 86, 10),
(259, 87, 1),
(260, 87, 9),
(261, 87, 10),
(262, 88, 1),
(263, 88, 6),
(264, 88, 11),
(265, 89, 3),
(266, 89, 9),
(267, 89, 12),
(268, 90, 2),
(269, 90, 8),
(270, 90, 13),
(271, 91, 1),
(272, 91, 5),
(273, 91, 10),
(274, 92, 3),
(275, 92, 5),
(276, 92, 10),
(277, 93, 4),
(278, 93, 5),
(279, 93, 11),
(280, 94, 4),
(281, 94, 9),
(282, 94, 14),
(283, 95, 2),
(284, 95, 9),
(285, 95, 14),
(286, 96, 2),
(287, 96, 9),
(288, 96, 14),
(289, 97, 4),
(290, 97, 6),
(291, 97, 10),
(292, 98, 1),
(293, 98, 7),
(294, 98, 14),
(295, 99, 2),
(296, 99, 8),
(297, 99, 13),
(298, 100, 4),
(299, 100, 9),
(300, 100, 11),
(301, 101, 4),
(302, 101, 9),
(303, 101, 11),
(304, 102, 2),
(305, 102, 8),
(306, 102, 14),
(307, 103, 3),
(308, 103, 9),
(309, 103, 11),
(310, 104, 2),
(311, 104, 8),
(312, 104, 11),
(313, 105, 2),
(314, 105, 8),
(315, 105, 11),
(316, 106, 4),
(317, 106, 5),
(318, 106, 10),
(319, 107, 4),
(320, 107, 5),
(321, 107, 10),
(322, 108, 4),
(323, 108, 9),
(324, 108, 10),
(325, 109, 4),
(326, 109, 9),
(327, 109, 10),
(328, 110, 30),
(329, 110, 7),
(330, 110, 14),
(331, 111, 4),
(332, 111, 5),
(333, 111, 11),
(334, 112, 4),
(335, 112, 5),
(336, 112, 12),
(337, 113, 4),
(338, 113, 5),
(339, 113, 10),
(340, 114, 4),
(341, 114, 9),
(342, 114, 11),
(343, 115, 4),
(344, 115, 5),
(345, 115, 11),
(346, 116, 4),
(347, 116, 9),
(348, 116, 11),
(349, 117, 3),
(350, 118, 2),
(351, 117, 5),
(352, 118, 8),
(353, 117, 11),
(354, 118, 13),
(355, 119, 30),
(356, 119, 5),
(357, 119, 10),
(358, 120, 3),
(359, 120, 9),
(360, 120, 14),
(361, 121, 3),
(362, 121, 5),
(363, 121, 12),
(364, 122, 2),
(365, 122, 8),
(366, 122, 13),
(367, 123, 3),
(368, 123, 9),
(369, 123, 10),
(370, 124, 4),
(371, 124, 9),
(372, 124, 11),
(373, 125, 2),
(374, 125, 8),
(375, 125, 13),
(376, 126, 30),
(377, 126, 9),
(378, 126, 14),
(379, 127, 2),
(380, 127, 7),
(381, 127, 14),
(382, 128, 30),
(383, 128, 9),
(384, 128, 14),
(385, 129, 2),
(386, 129, 6),
(387, 129, 13),
(388, 130, 2),
(389, 130, 5),
(390, 130, 13),
(391, 131, 30),
(392, 131, 5),
(393, 131, 11),
(394, 132, 4),
(395, 132, 5),
(396, 132, 10),
(397, 133, 4),
(398, 133, 9),
(399, 133, 11),
(400, 134, 3),
(401, 134, 9),
(402, 134, 10),
(403, 135, 4),
(404, 135, 9),
(405, 135, 12),
(406, 136, 2),
(407, 136, 9),
(408, 136, 14),
(409, 137, 2),
(410, 137, 5),
(411, 137, 14),
(412, 138, 3),
(413, 138, 9),
(414, 138, 14),
(415, 139, 3),
(416, 139, 5),
(417, 139, 10),
(418, 140, 3),
(419, 140, 9),
(420, 140, 14),
(421, 141, 2),
(422, 141, 5),
(423, 141, 12),
(424, 142, 2),
(425, 142, 6),
(426, 142, 10),
(427, 143, 2),
(428, 143, 6),
(429, 143, 14),
(430, 144, 2),
(431, 144, 5),
(432, 144, 12),
(433, 145, 2),
(434, 145, 7),
(435, 145, 12),
(436, 146, 2),
(437, 146, 5),
(438, 146, 14),
(439, 147, 4),
(440, 147, 5),
(441, 147, 11),
(442, 148, 2),
(443, 148, 6),
(444, 148, 12),
(445, 149, 2),
(446, 149, 8),
(447, 149, 10),
(448, 150, 2),
(449, 150, 6),
(450, 150, 14),
(451, 151, 2),
(452, 151, 8),
(453, 151, 13),
(454, 152, 4),
(455, 152, 8),
(456, 152, 12),
(457, 153, 2),
(458, 153, 9),
(459, 153, 10),
(460, 154, 4),
(461, 154, 5),
(462, 154, 10),
(463, 155, 3),
(464, 155, 5),
(465, 155, 11),
(466, 156, 4),
(467, 156, 5),
(468, 156, 10),
(469, 157, 1),
(470, 157, 9),
(471, 157, 12),
(472, 158, 4),
(473, 158, 5),
(474, 158, 12),
(475, 159, 4),
(476, 159, 9),
(477, 159, 10),
(478, 160, 3),
(479, 160, 9),
(480, 160, 12),
(481, 161, 4),
(482, 161, 5),
(483, 161, 10),
(484, 162, 4),
(485, 162, 9),
(486, 162, 12),
(487, 163, 2),
(488, 163, 5),
(489, 163, 14),
(490, 164, 2),
(491, 164, 7),
(492, 164, 12),
(493, 165, 4),
(494, 165, 5),
(495, 165, 10),
(496, 166, 2),
(497, 166, 9),
(498, 166, 13),
(499, 167, 2),
(500, 167, 9),
(501, 167, 14),
(505, 169, 4),
(506, 169, 6),
(507, 169, 13),
(508, 170, 2),
(509, 170, 9),
(510, 170, 14),
(511, 171, 4),
(512, 171, 9),
(513, 171, 10),
(514, 172, 2),
(515, 172, 9),
(516, 172, 13),
(517, 173, 2),
(518, 173, 9),
(519, 173, 13),
(520, 174, 2),
(521, 174, 9),
(522, 174, 14),
(523, 175, 3),
(524, 175, 9),
(525, 175, 12),
(526, 176, 30),
(527, 176, 9),
(528, 176, 10),
(529, 177, 30),
(530, 177, 9),
(531, 177, 10),
(532, 178, 3),
(533, 178, 7),
(534, 178, 14),
(535, 179, 3),
(536, 179, 5),
(537, 179, 12),
(538, 180, 2),
(539, 180, 5),
(540, 180, 13),
(541, 181, 3),
(542, 181, 5),
(543, 181, 12),
(544, 182, 2),
(545, 182, 7),
(546, 182, 14),
(547, 183, 2),
(548, 183, 7),
(549, 183, 13),
(550, 184, 2),
(551, 184, 9),
(552, 184, 11),
(553, 185, 30),
(554, 185, 7),
(555, 185, 13),
(556, 186, 4),
(557, 186, 7),
(558, 186, 10),
(559, 187, 2),
(560, 187, 9),
(561, 187, 11),
(562, 188, 2),
(563, 188, 6),
(564, 188, 12),
(565, 189, 2),
(566, 189, 5),
(567, 189, 13),
(568, 190, 2),
(569, 190, 9),
(570, 190, 11),
(571, 191, 1),
(572, 191, 9),
(573, 191, 13),
(574, 192, 3),
(575, 192, 5),
(576, 192, 12),
(577, 193, 4),
(578, 193, 5),
(579, 193, 10),
(580, 194, 3),
(581, 194, 5),
(582, 194, 12),
(583, 195, 4),
(584, 195, 9),
(585, 195, 10),
(586, 196, 1),
(587, 196, 9),
(588, 196, 10),
(589, 197, 2),
(590, 197, 5),
(591, 197, 10),
(592, 198, 2),
(593, 198, 6),
(594, 198, 14),
(595, 199, 2),
(596, 199, 6),
(597, 199, 14),
(598, 200, 2),
(599, 200, 6),
(600, 200, 11),
(601, 201, 2),
(602, 201, 6),
(603, 201, 13),
(604, 202, 4),
(605, 202, 5),
(606, 202, 10),
(607, 203, 4),
(608, 203, 5),
(609, 203, 10),
(610, 204, 2),
(611, 204, 6),
(612, 204, 14),
(613, 205, 2),
(614, 205, 9),
(615, 205, 13),
(616, 206, 4),
(617, 206, 5),
(618, 206, 10),
(619, 207, 4),
(620, 207, 5),
(621, 207, 10),
(622, 208, 30),
(623, 208, 6),
(624, 208, 14),
(625, 209, 1),
(626, 209, 8),
(627, 209, 13),
(628, 210, 30),
(629, 210, 8),
(630, 210, 13),
(631, 211, 30),
(632, 211, 8),
(633, 211, 13),
(634, 212, 3),
(635, 212, 7),
(636, 212, 14),
(637, 213, 30),
(638, 213, 5),
(639, 213, 11),
(640, 214, 4),
(641, 214, 9),
(642, 214, 12),
(643, 215, 4),
(644, 215, 8),
(645, 215, 10),
(646, 216, 4),
(647, 216, 8),
(648, 216, 10),
(649, 217, 4),
(650, 217, 7),
(651, 217, 14),
(652, 218, 3),
(653, 218, 5),
(654, 218, 14),
(655, 219, 3),
(656, 219, 5),
(657, 219, 10),
(658, 220, 3),
(659, 220, 5),
(660, 220, 10),
(661, 221, 3),
(662, 221, 9),
(663, 221, 11),
(664, 222, 4),
(665, 222, 6),
(666, 222, 10),
(667, 223, 4),
(668, 223, 6),
(669, 223, 11),
(670, 224, 4),
(671, 224, 9),
(672, 224, 11),
(676, 226, 4),
(677, 226, 5),
(678, 226, 10),
(679, 227, 3),
(680, 227, 5),
(681, 227, 12),
(682, 228, 1),
(683, 228, 5),
(684, 228, 11),
(685, 229, 3),
(686, 229, 5),
(687, 229, 10),
(688, 230, 1),
(689, 230, 6),
(690, 230, 10),
(691, 231, 1),
(692, 231, 6),
(693, 231, 14),
(694, 232, 4),
(695, 232, 6),
(696, 232, 11),
(697, 233, 3),
(698, 233, 5),
(699, 233, 12),
(700, 234, 30),
(701, 234, 5),
(702, 234, 10),
(703, 235, 1),
(704, 235, 8),
(705, 235, 11),
(706, 236, 1),
(707, 236, 5),
(708, 236, 10),
(709, 237, 30),
(710, 237, 6),
(711, 237, 11),
(712, 242, 30),
(713, 242, 7),
(714, 242, 11),
(715, 248, 3),
(716, 248, 7),
(717, 248, 13),
(718, 398, 30),
(719, 398, 9),
(720, 398, 14),
(721, 243, 3),
(722, 243, 7),
(723, 243, 13),
(724, 244, 2),
(725, 244, 9),
(726, 244, 12),
(727, 245, 2),
(728, 245, 5),
(729, 245, 10),
(730, 246, 3),
(731, 246, 5),
(732, 246, 12),
(733, 247, 3),
(734, 247, 5),
(735, 247, 12),
(736, 249, 4),
(737, 249, 5),
(738, 249, 11),
(739, 250, 4),
(740, 250, 5),
(741, 250, 11),
(742, 251, 4),
(743, 251, 5),
(744, 251, 11),
(745, 252, 1),
(746, 252, 9),
(747, 252, 11),
(748, 253, 1),
(749, 253, 6),
(750, 253, 11),
(751, 254, 4),
(752, 254, 5),
(753, 254, 11),
(754, 255, 3),
(755, 255, 5),
(756, 255, 11),
(757, 256, 4),
(758, 256, 6),
(759, 256, 11),
(760, 257, 4),
(761, 257, 9),
(762, 257, 12),
(763, 258, 1),
(764, 258, 6),
(765, 258, 11),
(766, 259, 4),
(767, 259, 6),
(768, 259, 11),
(769, 260, 2),
(770, 260, 6),
(771, 260, 10),
(772, 261, 2),
(773, 261, 6),
(774, 261, 10),
(775, 262, 2),
(776, 262, 6),
(777, 262, 10),
(778, 263, 2),
(779, 263, 6),
(780, 263, 10),
(781, 264, 2),
(782, 264, 8),
(783, 264, 14),
(784, 265, 3),
(785, 265, 6),
(786, 265, 14),
(787, 266, 3),
(788, 267, 1),
(789, 266, 6),
(790, 267, 6),
(791, 266, 14),
(792, 267, 12),
(793, 268, 3),
(794, 268, 6),
(795, 268, 14),
(796, 270, 3),
(797, 270, 6),
(798, 270, 14),
(799, 271, 3),
(800, 271, 6),
(801, 271, 14),
(802, 272, 2),
(803, 272, 5),
(804, 272, 14),
(805, 273, 3),
(806, 273, 6),
(807, 273, 14),
(808, 274, 2),
(809, 274, 8),
(810, 274, 13),
(811, 275, 2),
(812, 275, 9),
(813, 275, 13),
(814, 276, 2),
(815, 276, 8),
(816, 276, 13),
(817, 277, 2),
(818, 277, 5),
(819, 277, 14),
(820, 278, 2),
(821, 278, 9),
(822, 278, 14),
(823, 279, 2),
(824, 279, 9),
(825, 279, 12),
(826, 280, 2),
(827, 280, 9),
(828, 280, 12),
(829, 281, 3),
(830, 281, 5),
(831, 281, 12),
(832, 282, 2),
(833, 282, 9),
(834, 282, 14),
(835, 283, 2),
(836, 283, 9),
(837, 283, 13),
(838, 284, 3),
(839, 284, 5),
(840, 284, 11),
(841, 285, 3),
(842, 285, 5),
(843, 285, 12),
(844, 286, 1),
(845, 286, 6),
(846, 286, 12),
(847, 287, 30),
(848, 287, 5),
(849, 287, 11),
(850, 288, 30),
(851, 288, 9),
(852, 288, 13),
(853, 289, 30),
(854, 289, 9),
(855, 289, 13),
(856, 290, 30),
(857, 290, 9),
(858, 290, 13),
(859, 291, 30),
(860, 291, 9),
(861, 291, 13),
(862, 292, 2),
(863, 292, 5),
(864, 292, 13),
(865, 293, 2),
(866, 293, 9),
(867, 293, 14),
(868, 294, 2),
(869, 294, 9),
(870, 294, 14),
(871, 295, 2),
(872, 295, 9),
(873, 295, 14),
(874, 296, 2),
(875, 296, 5),
(876, 296, 13),
(877, 297, 30),
(878, 297, 9),
(879, 297, 12),
(880, 298, 4),
(881, 298, 5),
(882, 298, 12),
(883, 299, 2),
(884, 299, 9),
(885, 299, 11),
(886, 300, 2),
(887, 300, 9),
(888, 301, 30),
(889, 300, 11),
(890, 301, 7),
(891, 301, 13),
(892, 302, 3),
(893, 302, 5),
(894, 302, 12),
(895, 303, 30),
(896, 303, 8),
(897, 303, 14),
(898, 304, 2),
(899, 304, 5),
(900, 304, 13),
(901, 305, 2),
(902, 305, 5),
(903, 305, 10),
(904, 306, 2),
(905, 306, 5),
(906, 306, 13),
(907, 307, 3),
(908, 307, 5),
(909, 307, 12),
(910, 308, 3),
(911, 308, 5),
(912, 308, 12),
(913, 309, 3),
(914, 309, 5),
(915, 309, 11),
(916, 310, 3),
(917, 310, 9),
(918, 310, 10),
(919, 311, 2),
(920, 311, 9),
(921, 311, 11),
(922, 312, 30),
(923, 312, 5),
(924, 312, 10),
(925, 313, 3),
(926, 313, 5),
(927, 313, 10),
(928, 314, 3),
(929, 314, 5),
(930, 314, 10),
(931, 315, 4),
(932, 315, 9),
(933, 315, 12),
(934, 316, 1),
(935, 316, 9),
(936, 316, 10),
(937, 317, 3),
(938, 317, 9),
(939, 317, 11),
(940, 318, 4),
(941, 318, 9),
(942, 318, 12),
(943, 319, 2),
(944, 319, 9),
(945, 319, 13),
(946, 320, 2),
(947, 320, 9),
(948, 320, 13),
(949, 321, 30),
(950, 321, 5),
(951, 321, 14),
(952, 322, 2),
(953, 322, 5),
(954, 322, 11),
(955, 323, 30),
(956, 323, 5),
(957, 323, 14),
(958, 324, 4),
(959, 324, 6),
(960, 324, 11),
(961, 325, 3),
(962, 325, 5),
(963, 325, 12),
(964, 326, 2),
(965, 326, 6),
(966, 326, 12),
(967, 327, 2),
(968, 327, 6),
(969, 327, 12),
(970, 328, 2),
(971, 328, 5),
(972, 328, 12),
(973, 329, 2),
(974, 329, 5),
(975, 329, 10),
(976, 330, 1),
(977, 330, 6),
(978, 330, 10),
(979, 331, 3),
(980, 331, 9),
(981, 331, 10),
(982, 332, 4),
(983, 332, 6),
(984, 332, 10),
(985, 333, 1),
(986, 333, 5),
(987, 333, 14),
(988, 334, 3),
(989, 334, 9),
(990, 334, 10),
(991, 335, 1),
(992, 335, 6),
(993, 335, 11),
(994, 336, 2),
(995, 336, 9),
(996, 336, 13),
(997, 337, 2),
(998, 337, 9),
(999, 337, 13),
(1000, 338, 2),
(1001, 338, 9),
(1002, 338, 13),
(1003, 339, 2),
(1004, 339, 9),
(1005, 339, 13),
(1006, 340, 2),
(1007, 340, 9),
(1008, 340, 13),
(1009, 341, 2),
(1010, 341, 9),
(1011, 341, 13),
(1012, 342, 2),
(1013, 342, 5),
(1014, 342, 13),
(1015, 343, 3),
(1016, 343, 9),
(1017, 343, 10),
(1018, 344, 3),
(1019, 344, 9),
(1020, 344, 10),
(1021, 345, 2),
(1022, 345, 6),
(1023, 345, 11),
(1024, 346, 2),
(1025, 346, 7),
(1026, 346, 14),
(1027, 347, 4),
(1028, 347, 5),
(1029, 347, 11),
(1030, 348, 4),
(1031, 348, 5),
(1032, 348, 11),
(1033, 349, 2),
(1034, 349, 8),
(1035, 349, 13),
(1036, 350, 2),
(1037, 350, 9),
(1038, 350, 10),
(1039, 351, 30),
(1040, 351, 9),
(1041, 351, 10),
(1042, 352, 30),
(1043, 352, 9),
(1044, 352, 10),
(1045, 353, 3),
(1046, 353, 8),
(1047, 353, 13),
(1048, 354, 30),
(1049, 354, 6),
(1050, 354, 12),
(1051, 355, 4),
(1052, 355, 9),
(1053, 355, 10),
(1054, 356, 2),
(1055, 356, 9),
(1056, 356, 14),
(1057, 357, 2),
(1058, 357, 9),
(1059, 357, 14),
(1060, 358, 4),
(1061, 358, 6),
(1062, 358, 12),
(1063, 359, 2),
(1064, 359, 8),
(1065, 359, 14),
(1066, 360, 2),
(1067, 360, 9),
(1068, 360, 14),
(1069, 361, 2),
(1070, 361, 7),
(1071, 361, 11),
(1072, 362, 3),
(1073, 362, 5),
(1074, 362, 12),
(1075, 363, 2),
(1076, 363, 8),
(1077, 363, 13),
(1078, 364, 3),
(1079, 364, 5),
(1080, 364, 12),
(1081, 365, 4),
(1082, 365, 5),
(1083, 365, 11),
(1084, 366, 1),
(1085, 366, 6),
(1086, 366, 11),
(1087, 367, 1),
(1088, 367, 6),
(1089, 367, 11),
(1090, 368, 4),
(1091, 368, 9),
(1092, 368, 11),
(1093, 369, 2),
(1094, 369, 9),
(1095, 369, 14),
(1096, 370, 2),
(1097, 370, 8),
(1098, 370, 14),
(1099, 371, 4),
(1100, 371, 9),
(1101, 371, 11),
(1102, 372, 2),
(1103, 372, 6),
(1104, 372, 10),
(1105, 373, 2),
(1106, 373, 8),
(1107, 373, 13),
(1108, 374, 4),
(1109, 374, 6),
(1110, 374, 10),
(1111, 375, 2),
(1112, 375, 8),
(1113, 375, 13),
(1114, 376, 3),
(1115, 376, 6),
(1116, 376, 10),
(1117, 377, 3),
(1118, 377, 6),
(1119, 377, 10),
(1120, 378, 2),
(1121, 378, 7),
(1122, 378, 14),
(1123, 379, 30),
(1124, 379, 6),
(1125, 379, 10),
(1126, 380, 3),
(1127, 380, 6),
(1128, 380, 10),
(1129, 381, 2),
(1130, 381, 9),
(1131, 381, 14),
(1132, 382, 4),
(1133, 382, 8),
(1134, 382, 13),
(1135, 383, 1),
(1136, 383, 9),
(1137, 383, 10),
(1138, 384, 2),
(1139, 384, 9),
(1140, 384, 13),
(1141, 385, 3),
(1142, 385, 9),
(1143, 385, 12),
(1144, 386, 2),
(1145, 386, 9),
(1146, 386, 12),
(1147, 387, 3),
(1148, 387, 5),
(1149, 387, 11),
(1150, 388, 3),
(1151, 388, 5),
(1152, 388, 10),
(1153, 389, 3),
(1154, 389, 5),
(1155, 389, 10),
(1156, 390, 3),
(1157, 390, 6),
(1158, 390, 11),
(1159, 391, 3),
(1160, 391, 5),
(1161, 391, 10),
(1162, 392, 1),
(1163, 392, 9),
(1164, 392, 11),
(1165, 393, 4),
(1166, 393, 5),
(1167, 393, 13),
(1168, 394, 2),
(1169, 394, 9),
(1170, 394, 10),
(1171, 395, 4),
(1172, 395, 9),
(1173, 395, 11),
(1174, 396, 1),
(1175, 396, 9),
(1176, 396, 10),
(1177, 397, 3),
(1178, 397, 6),
(1179, 397, 13),
(1180, 399, 4),
(1181, 399, 9),
(1182, 399, 12),
(1183, 400, 30),
(1184, 400, 6),
(1185, 400, 11),
(1186, 401, 3),
(1187, 401, 7),
(1188, 401, 14),
(1189, 402, 3),
(1190, 402, 9),
(1191, 402, 11),
(1192, 403, 3),
(1193, 403, 6),
(1194, 403, 14),
(1195, 404, 3),
(1196, 404, 9),
(1197, 404, 11),
(1198, 405, 3),
(1199, 405, 9),
(1200, 405, 11),
(1201, 406, 1),
(1202, 406, 9),
(1203, 406, 10),
(1204, 407, 30),
(1205, 407, 9),
(1206, 407, 14),
(1207, 408, 3),
(1208, 408, 9),
(1209, 408, 11),
(1210, 409, 30),
(1211, 409, 6),
(1212, 409, 11),
(1213, 410, 1),
(1214, 410, 9),
(1215, 410, 10),
(1216, 411, 4),
(1217, 411, 7),
(1218, 411, 14),
(1219, 412, 30),
(1220, 412, 9),
(1221, 412, 10),
(1222, 413, 4),
(1223, 413, 6),
(1224, 413, 11),
(1225, 414, 1),
(1226, 414, 6),
(1227, 414, 10),
(1228, 415, 30),
(1229, 415, 6),
(1230, 415, 11),
(1231, 416, 4),
(1232, 416, 5),
(1233, 416, 10),
(1234, 417, 4),
(1235, 417, 5),
(1236, 417, 10),
(1237, 418, 4),
(1238, 418, 5),
(1239, 418, 11),
(1240, 419, 4),
(1241, 419, 6),
(1242, 419, 11),
(1243, 420, 2),
(1244, 420, 9),
(1245, 420, 13),
(1246, 421, 4),
(1247, 421, 5),
(1248, 421, 11),
(1249, 422, 4),
(1250, 422, 5),
(1251, 422, 12),
(1252, 423, 2),
(1253, 423, 9),
(1254, 423, 13),
(1255, 424, 4),
(1256, 424, 5),
(1257, 424, 11),
(1258, 425, 1),
(1259, 425, 8),
(1260, 425, 10),
(1261, 426, 4),
(1262, 426, 5),
(1263, 426, 12),
(1264, 427, 2),
(1265, 427, 8),
(1266, 427, 14),
(1267, 428, 4),
(1268, 428, 9),
(1269, 428, 12),
(1270, 429, 2),
(1271, 429, 8),
(1272, 429, 13),
(1273, 430, 2),
(1274, 430, 6),
(1275, 430, 12),
(1276, 431, 4),
(1277, 431, 7),
(1278, 431, 14),
(1279, 432, 2),
(1280, 432, 8),
(1281, 432, 14),
(1282, 433, 2),
(1283, 433, 9),
(1284, 433, 14),
(1285, 434, 30),
(1286, 434, 5),
(1287, 434, 12),
(1288, 435, 2),
(1289, 435, 6),
(1290, 435, 10),
(1291, 436, 4),
(1292, 436, 9),
(1293, 436, 12),
(1294, 437, 3),
(1295, 437, 9),
(1296, 437, 13),
(1297, 438, 30),
(1298, 438, 9),
(1299, 438, 10),
(1300, 439, 4),
(1301, 439, 5),
(1302, 439, 11),
(1303, 440, 30),
(1304, 440, 9),
(1305, 440, 10),
(1306, 441, 3),
(1307, 441, 5),
(1308, 441, 14),
(1309, 442, 30),
(1310, 442, 5),
(1311, 442, 10),
(1312, 443, 1),
(1313, 443, 9),
(1314, 443, 10),
(1315, 444, 4),
(1316, 444, 5),
(1317, 444, 10),
(1318, 445, 30),
(1319, 445, 9),
(1320, 445, 10),
(1321, 446, 2),
(1322, 446, 9),
(1323, 446, 10),
(1324, 447, 3),
(1325, 447, 5),
(1326, 447, 11),
(1327, 448, 3),
(1328, 448, 5),
(1329, 448, 11),
(1330, 449, 30),
(1331, 449, 8),
(1332, 449, 10),
(1333, 450, 30),
(1334, 450, 8),
(1335, 450, 10),
(1336, 451, 2),
(1337, 451, 9),
(1338, 451, 11),
(1339, 452, 1),
(1340, 452, 6),
(1341, 452, 11),
(1342, 453, 1),
(1343, 453, 9),
(1344, 453, 11),
(1345, 454, 2),
(1346, 454, 8),
(1347, 454, 13),
(1348, 455, 2),
(1349, 455, 9),
(1350, 455, 14),
(1351, 456, 30),
(1352, 456, 6),
(1353, 456, 11),
(1354, 457, 2),
(1355, 457, 8),
(1356, 457, 13),
(1357, 458, 2),
(1358, 458, 6),
(1359, 458, 14),
(1360, 459, 30),
(1361, 459, 6),
(1362, 459, 11),
(1363, 460, 3),
(1364, 460, 9),
(1365, 460, 12),
(1366, 461, 2),
(1367, 461, 6),
(1368, 461, 14),
(1369, 462, 3),
(1370, 462, 8),
(1371, 462, 12),
(1372, 463, 2),
(1373, 463, 6),
(1374, 463, 11),
(1375, 464, 2),
(1376, 464, 6),
(1377, 464, 14),
(1378, 465, 4),
(1379, 465, 6),
(1380, 465, 10),
(1381, 466, 2),
(1382, 466, 8),
(1383, 466, 13),
(1384, 467, 1),
(1385, 467, 5),
(1386, 467, 11),
(1387, 468, 1),
(1388, 468, 5),
(1389, 468, 11),
(1390, 469, 4),
(1391, 469, 5),
(1392, 469, 10),
(1393, 470, 4),
(1394, 470, 5),
(1395, 471, 4),
(1396, 471, 8),
(1397, 471, 13),
(1398, 472, 3),
(1399, 472, 8),
(1400, 472, 13),
(1401, 473, 4),
(1402, 473, 6),
(1403, 473, 11),
(1404, 470, 10),
(1405, 474, 3),
(1406, 474, 8),
(1407, 474, 13),
(1408, 475, 4),
(1409, 475, 8),
(1410, 475, 12),
(1411, 476, 4),
(1412, 476, 7),
(1413, 476, 12),
(1414, 477, 3),
(1415, 477, 7),
(1416, 477, 12),
(1417, 478, 4),
(1418, 478, 5),
(1419, 478, 11),
(1420, 479, 4),
(1421, 479, 7),
(1422, 479, 14),
(1423, 480, 4),
(1424, 480, 6),
(1425, 480, 12),
(1426, 481, 4),
(1427, 481, 6),
(1428, 481, 11),
(1429, 482, 4),
(1430, 482, 6),
(1431, 482, 12),
(1432, 483, 4),
(1433, 483, 5),
(1434, 483, 12),
(1435, 484, 4),
(1436, 484, 6),
(1437, 484, 11),
(1438, 485, 4),
(1439, 485, 5),
(1440, 485, 11),
(1441, 486, 1),
(1442, 486, 6),
(1443, 486, 10),
(1444, 487, 1),
(1445, 487, 6),
(1446, 487, 11),
(1447, 488, 4),
(1448, 488, 6),
(1449, 488, 11),
(1450, 489, 4),
(1451, 489, 5),
(1452, 489, 12),
(1453, 490, 1),
(1454, 490, 6),
(1455, 490, 10),
(1456, 491, 3),
(1457, 491, 6),
(1458, 491, 10),
(1459, 492, 3),
(1460, 492, 5),
(1461, 492, 10),
(1462, 494, 30),
(1463, 494, 5),
(1464, 494, 10),
(1465, 495, 1),
(1466, 495, 6),
(1467, 495, 10),
(1468, 496, 3),
(1469, 496, 8),
(1470, 496, 10),
(1471, 497, 1),
(1472, 497, 7),
(1473, 497, 13),
(1474, 498, 3),
(1475, 498, 6),
(1476, 498, 10),
(1477, 499, 1),
(1478, 499, 6),
(1479, 499, 14),
(1480, 500, 4),
(1481, 500, 5),
(1482, 500, 10),
(1483, 501, 4),
(1484, 501, 6),
(1485, 501, 11),
(1486, 502, 4),
(1487, 502, 6),
(1488, 502, 11),
(1489, 503, 3),
(1490, 503, 5),
(1491, 503, 10),
(1492, 504, 1),
(1493, 504, 5),
(1494, 504, 10),
(1495, 505, 30),
(1496, 505, 5),
(1497, 505, 10),
(1498, 506, 30),
(1499, 506, 5),
(1500, 506, 10),
(1501, 508, 4),
(1502, 508, 5),
(1503, 508, 10),
(1504, 509, 4),
(1505, 509, 5),
(1506, 509, 10),
(1507, 510, 3),
(1508, 510, 6),
(1509, 510, 14),
(1510, 511, 1),
(1511, 511, 5),
(1512, 511, 14),
(1513, 512, 3),
(1514, 512, 5),
(1515, 512, 10),
(1516, 513, 4),
(1517, 513, 5),
(1518, 513, 14),
(1519, 514, 4),
(1520, 514, 6),
(1521, 514, 10),
(1522, 515, 4),
(1523, 515, 8),
(1524, 515, 10),
(1525, 516, 4),
(1526, 516, 8),
(1527, 516, 10),
(1528, 517, 1),
(1529, 517, 7),
(1530, 517, 13),
(1531, 518, 1),
(1532, 518, 8),
(1533, 518, 13),
(1534, 519, 1),
(1535, 519, 8),
(1536, 519, 13),
(1537, 521, 1),
(1538, 521, 5),
(1539, 521, 10),
(1540, 522, 3),
(1541, 522, 7),
(1542, 522, 11),
(1543, 523, 1),
(1544, 523, 6),
(1545, 523, 14),
(1546, 524, 1),
(1547, 524, 6),
(1548, 524, 14),
(1549, 525, 30),
(1550, 525, 7),
(1551, 525, 10),
(1552, 526, 1),
(1553, 526, 6),
(1554, 526, 12),
(1555, 527, 30),
(1556, 527, 7),
(1557, 527, 10),
(1558, 528, 4),
(1559, 528, 6),
(1560, 528, 12),
(1561, 529, 4),
(1562, 529, 6),
(1563, 529, 13),
(1564, 530, 3),
(1565, 530, 6),
(1566, 530, 12),
(1567, 531, 3),
(1568, 531, 6),
(1569, 531, 10),
(1570, 532, 3),
(1571, 532, 6),
(1572, 532, 10),
(1573, 533, 4),
(1574, 533, 6),
(1575, 533, 12),
(1576, 534, 4),
(1577, 534, 6),
(1578, 534, 12),
(1579, 535, 1),
(1580, 535, 5),
(1581, 535, 10),
(1582, 536, 1),
(1583, 536, 5),
(1584, 536, 10),
(1585, 537, 1),
(1586, 537, 5),
(1587, 537, 10),
(1588, 538, 1),
(1589, 538, 5),
(1590, 538, 10),
(1591, 539, 1),
(1592, 539, 5),
(1593, 539, 10),
(1594, 540, 1),
(1595, 540, 5),
(1596, 540, 10),
(1597, 541, 1),
(1598, 541, 5),
(1599, 541, 10),
(1600, 542, 1),
(1601, 542, 5),
(1602, 542, 10),
(1603, 543, 1),
(1604, 543, 5),
(1605, 543, 10),
(1606, 544, 1),
(1607, 544, 5),
(1608, 544, 10),
(1609, 545, 1),
(1610, 545, 6),
(1611, 545, 10),
(1612, 546, 1),
(1613, 546, 6),
(1614, 546, 10),
(1615, 547, 1),
(1616, 548, 1),
(1617, 549, 1),
(1618, 550, 1),
(1619, 550, 6),
(1620, 550, 10);

-- --------------------------------------------------------

--
-- Table structure for table `ticket_detail_siang`
--

CREATE TABLE `ticket_detail_siang` (
  `id` int(11) NOT NULL,
  `ticket_id` int(11) NOT NULL,
  `jurusan_id` int(11) NOT NULL
) ENGINE=InnoDB DEFAULT CHARSET=latin1;

--
-- Dumping data for table `ticket_detail_siang`
--

INSERT INTO `ticket_detail_siang` (`id`, `ticket_id`, `jurusan_id`) VALUES
(13, 243, 3),
(14, 243, 7),
(15, 243, 13),
(16, 244, 2),
(17, 244, 9),
(18, 244, 12),
(19, 245, 2),
(20, 245, 5),
(21, 245, 10),
(22, 246, 3),
(23, 246, 5),
(24, 246, 12),
(25, 247, 3),
(26, 247, 5),
(27, 247, 12),
(28, 249, 4),
(29, 249, 5),
(30, 249, 11),
(31, 250, 4),
(32, 250, 5),
(33, 250, 11),
(34, 251, 4),
(35, 251, 5),
(36, 251, 11),
(37, 252, 1),
(38, 252, 9),
(39, 252, 11),
(40, 253, 1),
(41, 253, 6),
(42, 253, 11),
(43, 254, 4),
(44, 254, 5),
(45, 254, 11),
(46, 255, 3),
(47, 255, 5),
(48, 255, 11),
(49, 256, 4),
(50, 256, 6),
(51, 256, 11),
(52, 257, 4),
(53, 257, 9),
(54, 257, 12),
(55, 258, 1),
(56, 258, 6),
(57, 258, 11),
(58, 259, 4),
(59, 259, 6),
(60, 259, 11),
(61, 260, 2),
(62, 260, 6),
(63, 260, 10),
(64, 261, 2),
(65, 261, 6),
(66, 261, 10),
(67, 262, 2),
(68, 262, 6),
(69, 262, 10),
(70, 263, 2),
(71, 263, 6),
(72, 263, 10),
(73, 264, 2),
(74, 264, 8),
(75, 264, 14),
(76, 265, 3),
(77, 265, 6),
(78, 265, 14),
(79, 266, 3),
(80, 267, 1),
(81, 266, 6),
(82, 267, 6),
(83, 266, 14),
(84, 267, 12),
(85, 268, 3),
(86, 268, 6),
(87, 268, 14),
(91, 270, 3),
(92, 270, 6),
(93, 270, 14),
(94, 271, 3),
(95, 271, 6),
(96, 271, 14),
(97, 272, 2),
(98, 272, 5),
(99, 272, 14),
(100, 273, 3),
(101, 273, 6),
(102, 273, 14),
(103, 274, 2),
(104, 274, 8),
(105, 274, 13),
(106, 275, 2),
(107, 275, 9),
(108, 275, 13),
(109, 276, 2),
(110, 276, 8),
(111, 276, 13),
(112, 277, 2),
(113, 277, 5),
(114, 277, 14),
(115, 278, 2),
(116, 278, 9),
(117, 278, 14),
(118, 279, 2),
(119, 279, 9),
(120, 279, 12),
(121, 280, 2),
(122, 280, 9),
(123, 280, 12),
(124, 281, 3),
(125, 281, 5),
(126, 281, 12),
(127, 282, 2),
(128, 282, 9),
(129, 282, 14),
(130, 283, 2),
(131, 283, 9),
(132, 283, 13),
(133, 284, 3),
(134, 284, 5),
(135, 284, 11),
(136, 285, 3),
(137, 285, 5),
(138, 285, 12),
(139, 286, 1),
(140, 286, 6),
(141, 286, 12),
(142, 287, 30),
(143, 287, 5),
(144, 287, 11),
(145, 288, 30),
(146, 288, 9),
(147, 288, 13),
(148, 289, 30),
(149, 289, 9),
(150, 289, 13),
(151, 290, 30),
(152, 290, 9),
(153, 290, 13),
(154, 291, 30),
(155, 291, 9),
(156, 291, 13),
(157, 292, 2),
(158, 292, 5),
(159, 292, 13),
(160, 293, 2),
(161, 293, 9),
(162, 293, 14),
(163, 294, 2),
(164, 294, 9),
(165, 294, 14),
(166, 295, 2),
(167, 295, 9),
(168, 295, 14),
(169, 296, 2),
(170, 296, 5),
(171, 296, 13),
(172, 297, 30),
(173, 297, 9),
(174, 297, 12),
(175, 298, 4),
(176, 298, 5),
(177, 298, 12),
(178, 299, 2),
(179, 299, 9),
(180, 299, 11),
(181, 300, 2),
(182, 300, 9),
(183, 301, 30),
(184, 300, 11),
(185, 301, 7),
(186, 301, 13),
(187, 302, 3),
(188, 302, 5),
(189, 302, 12),
(190, 303, 30),
(191, 303, 8),
(192, 303, 14),
(193, 304, 2),
(194, 304, 5),
(195, 304, 13),
(196, 305, 2),
(197, 305, 5),
(198, 305, 10),
(199, 306, 2),
(200, 306, 5),
(201, 306, 13),
(202, 307, 3),
(203, 307, 5),
(204, 307, 12),
(205, 308, 3),
(206, 308, 5),
(207, 308, 12),
(208, 309, 3),
(209, 309, 5),
(210, 309, 11),
(211, 310, 3),
(212, 310, 9),
(213, 310, 10),
(214, 311, 2),
(215, 311, 9),
(216, 311, 11),
(217, 312, 30),
(218, 312, 5),
(219, 312, 10),
(220, 313, 3),
(221, 313, 5),
(222, 313, 10),
(223, 314, 3),
(224, 314, 5),
(225, 314, 10),
(226, 315, 4),
(227, 315, 9),
(228, 315, 12),
(229, 316, 1),
(230, 316, 9),
(231, 316, 10),
(232, 317, 3),
(233, 317, 9),
(234, 317, 11),
(235, 318, 4),
(236, 318, 9),
(237, 318, 12),
(238, 319, 2),
(239, 319, 9),
(240, 319, 13),
(241, 320, 2),
(242, 320, 9),
(243, 320, 13),
(244, 321, 30),
(245, 321, 5),
(246, 321, 14),
(247, 322, 2),
(248, 322, 5),
(249, 322, 11),
(250, 323, 30),
(251, 323, 5),
(252, 323, 14),
(253, 324, 4),
(254, 324, 6),
(255, 324, 11),
(256, 325, 3),
(257, 325, 5),
(258, 325, 12),
(259, 326, 2),
(260, 326, 6),
(261, 326, 12),
(262, 327, 2),
(263, 327, 6),
(264, 327, 12),
(265, 328, 2),
(266, 328, 5),
(267, 328, 12),
(268, 329, 2),
(269, 329, 5),
(270, 329, 10),
(271, 330, 1),
(272, 330, 6),
(273, 330, 10),
(274, 331, 3),
(275, 331, 9),
(276, 331, 10),
(277, 332, 4),
(278, 332, 6),
(279, 332, 10),
(280, 333, 1),
(281, 333, 5),
(282, 333, 14),
(283, 334, 3),
(284, 334, 9),
(285, 334, 10),
(286, 335, 1),
(287, 335, 6),
(288, 335, 11),
(289, 336, 2),
(290, 336, 9),
(291, 336, 13),
(292, 337, 2),
(293, 337, 9),
(294, 337, 13),
(295, 338, 2),
(296, 338, 9),
(297, 338, 13),
(298, 339, 2),
(299, 339, 9),
(300, 339, 13),
(301, 340, 2),
(302, 340, 9),
(303, 340, 13),
(304, 341, 2),
(305, 341, 9),
(306, 341, 13),
(307, 342, 2),
(308, 342, 5),
(309, 342, 13),
(310, 343, 3),
(311, 343, 9),
(312, 343, 10),
(313, 344, 3),
(314, 344, 9),
(315, 344, 10),
(316, 345, 2),
(317, 345, 6),
(318, 345, 11),
(319, 346, 2),
(320, 346, 7),
(321, 346, 14),
(322, 347, 4),
(323, 347, 5),
(324, 347, 11),
(325, 348, 4),
(326, 348, 5),
(327, 348, 11),
(328, 349, 2),
(329, 349, 8),
(330, 349, 13),
(331, 350, 2),
(332, 350, 9),
(333, 350, 10),
(334, 351, 30),
(335, 351, 9),
(336, 351, 10),
(337, 352, 30),
(338, 352, 9),
(339, 352, 10),
(340, 353, 3),
(341, 353, 8),
(342, 353, 13),
(343, 354, 30),
(344, 354, 6),
(345, 354, 12),
(346, 355, 4),
(347, 355, 9),
(348, 355, 10),
(349, 356, 2),
(350, 356, 9),
(351, 356, 14),
(352, 357, 2),
(353, 357, 9),
(354, 357, 14),
(355, 358, 4),
(356, 358, 6),
(357, 358, 12),
(358, 359, 2),
(359, 359, 8),
(360, 359, 14),
(361, 360, 2),
(362, 360, 9),
(363, 360, 14),
(364, 361, 2),
(365, 361, 7),
(366, 361, 11),
(367, 362, 3),
(368, 362, 5),
(369, 362, 12),
(370, 363, 2),
(371, 363, 8),
(372, 363, 13),
(373, 364, 3),
(374, 364, 5),
(375, 364, 12),
(376, 365, 4),
(377, 365, 5),
(378, 365, 11),
(379, 366, 1),
(380, 366, 6),
(381, 366, 11),
(382, 367, 1),
(383, 367, 6),
(384, 367, 11),
(385, 368, 4),
(386, 368, 9),
(387, 368, 11),
(388, 369, 2),
(389, 369, 9),
(390, 369, 14),
(391, 370, 2),
(392, 370, 8),
(393, 370, 14),
(394, 371, 4),
(395, 371, 9),
(396, 371, 11),
(397, 372, 2),
(398, 372, 6),
(399, 372, 10),
(400, 373, 2),
(401, 373, 8),
(402, 373, 13),
(403, 374, 4),
(404, 374, 6),
(405, 374, 10),
(406, 375, 2),
(407, 375, 8),
(408, 375, 13),
(409, 376, 3),
(410, 376, 6),
(411, 376, 10),
(412, 377, 3),
(413, 377, 6),
(414, 377, 10),
(415, 378, 2),
(416, 378, 7),
(417, 378, 14),
(418, 379, 30),
(419, 379, 6),
(420, 379, 10),
(421, 380, 3),
(422, 380, 6),
(423, 380, 10),
(424, 381, 2),
(425, 381, 9),
(426, 381, 14),
(427, 382, 4),
(428, 382, 8),
(429, 382, 13),
(430, 383, 1),
(431, 383, 9),
(432, 383, 10),
(433, 384, 2),
(434, 384, 9),
(435, 384, 13),
(436, 385, 3),
(437, 385, 9),
(438, 385, 12),
(439, 386, 2),
(440, 386, 9),
(441, 386, 12),
(442, 387, 3),
(443, 387, 5),
(444, 387, 11),
(445, 388, 3),
(446, 388, 5),
(447, 388, 10),
(448, 389, 3),
(449, 389, 5),
(450, 389, 10),
(451, 390, 3),
(452, 390, 6),
(453, 390, 11),
(454, 391, 3),
(455, 391, 5),
(456, 391, 10),
(457, 392, 1),
(458, 392, 9),
(459, 392, 11),
(460, 393, 4),
(461, 393, 5),
(462, 393, 13),
(463, 394, 2),
(464, 394, 9),
(465, 394, 10),
(466, 395, 4),
(467, 395, 9),
(468, 395, 11),
(469, 396, 1),
(470, 396, 9),
(471, 396, 10),
(472, 397, 3),
(473, 397, 6),
(474, 397, 13),
(475, 399, 4),
(476, 399, 9),
(477, 399, 12),
(478, 400, 30),
(479, 400, 6),
(480, 400, 11),
(481, 401, 3),
(482, 401, 7),
(483, 401, 14),
(484, 402, 3),
(485, 402, 9),
(486, 402, 11),
(487, 403, 3),
(488, 403, 6),
(489, 403, 14),
(490, 404, 3),
(491, 404, 9),
(492, 404, 11),
(493, 405, 3),
(494, 405, 9),
(495, 405, 11),
(496, 406, 1),
(497, 406, 9),
(498, 406, 10),
(499, 407, 30),
(500, 407, 9),
(501, 407, 14),
(502, 408, 3),
(503, 408, 9),
(504, 408, 11),
(505, 409, 30),
(506, 409, 6),
(507, 409, 11),
(508, 410, 1),
(509, 410, 9),
(510, 410, 10),
(511, 411, 4),
(512, 411, 7),
(513, 411, 14),
(514, 412, 30),
(515, 412, 9),
(516, 412, 10),
(517, 413, 4),
(518, 413, 6),
(519, 413, 11),
(520, 414, 1),
(521, 414, 6),
(522, 414, 10),
(523, 415, 30),
(524, 415, 6),
(525, 415, 11),
(526, 416, 4),
(527, 416, 5),
(528, 416, 10),
(529, 417, 4),
(530, 417, 5),
(531, 417, 10),
(532, 418, 4),
(533, 418, 5),
(534, 418, 11),
(535, 419, 4),
(536, 419, 6),
(537, 419, 11),
(538, 420, 2),
(539, 420, 9),
(540, 420, 13),
(541, 421, 4),
(542, 421, 5),
(543, 421, 11),
(544, 422, 4),
(545, 422, 5),
(546, 422, 12),
(547, 423, 2),
(548, 423, 9),
(549, 423, 13),
(550, 424, 4),
(551, 424, 5),
(552, 424, 11),
(553, 425, 1),
(554, 425, 8),
(555, 425, 10),
(556, 426, 4),
(557, 426, 5),
(558, 426, 12),
(559, 427, 2),
(560, 427, 8),
(561, 427, 14),
(562, 428, 4),
(563, 428, 9),
(564, 428, 12),
(565, 429, 2),
(566, 429, 8),
(567, 429, 13),
(568, 430, 2),
(569, 430, 6),
(570, 430, 12),
(571, 431, 4),
(572, 431, 7),
(573, 431, 14),
(574, 432, 2),
(575, 432, 8),
(576, 432, 14),
(577, 433, 2),
(578, 433, 9),
(579, 433, 14),
(580, 434, 30),
(581, 434, 5),
(582, 434, 12),
(583, 435, 2),
(584, 435, 6),
(585, 435, 10),
(586, 436, 4),
(587, 436, 9),
(588, 436, 12),
(589, 437, 3),
(590, 437, 9),
(591, 437, 13),
(592, 438, 30),
(593, 438, 9),
(594, 438, 10),
(595, 439, 4),
(596, 439, 5),
(597, 439, 11),
(598, 440, 30),
(599, 440, 9),
(600, 440, 10),
(601, 441, 3),
(602, 441, 5),
(603, 441, 14),
(604, 442, 30),
(605, 442, 5),
(606, 442, 10),
(607, 443, 1),
(608, 443, 9),
(609, 443, 10),
(610, 444, 4),
(611, 444, 5),
(612, 444, 10),
(613, 445, 30),
(614, 445, 9),
(615, 445, 10),
(616, 446, 2),
(617, 446, 9),
(618, 446, 10),
(619, 447, 3),
(620, 447, 5),
(621, 447, 11),
(622, 448, 3),
(623, 448, 5),
(624, 448, 11),
(625, 449, 30),
(626, 449, 8),
(627, 449, 10),
(628, 450, 30),
(629, 450, 8),
(630, 450, 10),
(631, 451, 2),
(632, 451, 9),
(633, 451, 11),
(634, 452, 1),
(635, 452, 6),
(636, 452, 11),
(637, 453, 1),
(638, 453, 9),
(639, 453, 11),
(640, 454, 2),
(641, 454, 8),
(642, 454, 13),
(643, 455, 2),
(644, 455, 9),
(645, 455, 14),
(646, 456, 30),
(647, 456, 6),
(648, 456, 11),
(649, 457, 2),
(650, 457, 8),
(651, 457, 13),
(652, 458, 2),
(653, 458, 6),
(654, 458, 14),
(655, 459, 30),
(656, 459, 6),
(657, 459, 11),
(658, 460, 3),
(659, 460, 9),
(660, 460, 12),
(661, 461, 2),
(662, 461, 6),
(663, 461, 14),
(664, 462, 3),
(665, 462, 8),
(666, 462, 12),
(667, 463, 2),
(668, 463, 6),
(669, 463, 11),
(670, 464, 2),
(671, 464, 6),
(672, 464, 14),
(673, 465, 4),
(674, 465, 6),
(675, 465, 10),
(676, 466, 2),
(677, 466, 8),
(678, 466, 13),
(679, 467, 1),
(680, 467, 5),
(681, 467, 11),
(682, 468, 1),
(683, 468, 5),
(684, 468, 11),
(685, 469, 4),
(686, 469, 5),
(687, 469, 10),
(688, 470, 4),
(689, 470, 5),
(690, 470, 10),
(691, 471, 4),
(692, 471, 8),
(693, 471, 13),
(694, 472, 3),
(695, 472, 8),
(696, 472, 13),
(697, 473, 4),
(698, 473, 6),
(699, 473, 11),
(700, 474, 3),
(701, 474, 8),
(702, 474, 13),
(703, 475, 4),
(704, 475, 8),
(705, 475, 12),
(706, 476, 4),
(707, 476, 7),
(708, 476, 12),
(709, 477, 3),
(710, 477, 7),
(711, 477, 12),
(712, 478, 4),
(713, 478, 5),
(714, 478, 11),
(715, 479, 4),
(716, 479, 7),
(717, 479, 14),
(718, 480, 4),
(719, 480, 6),
(720, 480, 12),
(721, 481, 4),
(722, 481, 6),
(723, 481, 11),
(724, 482, 4),
(725, 482, 6),
(726, 482, 12),
(727, 483, 4),
(728, 483, 5),
(729, 483, 12),
(730, 484, 4),
(731, 484, 6),
(732, 484, 11),
(733, 485, 4),
(734, 485, 5),
(735, 485, 11),
(736, 486, 1),
(737, 486, 6),
(738, 486, 10),
(739, 487, 1),
(740, 487, 6),
(741, 487, 11),
(742, 488, 4),
(743, 488, 6),
(744, 488, 11),
(745, 489, 4),
(746, 489, 5),
(747, 489, 12),
(748, 490, 1),
(749, 490, 6),
(750, 490, 10),
(751, 491, 3),
(752, 491, 6),
(753, 491, 10),
(754, 492, 3),
(755, 492, 5),
(756, 492, 10),
(760, 494, 30),
(761, 494, 5),
(762, 494, 10),
(763, 495, 1),
(764, 495, 6),
(765, 495, 10),
(766, 496, 3),
(767, 496, 8),
(768, 496, 10),
(769, 497, 1),
(770, 497, 7),
(771, 497, 13),
(772, 498, 3),
(773, 498, 6),
(774, 498, 10),
(775, 499, 1),
(776, 499, 6),
(777, 499, 14),
(778, 500, 4),
(779, 500, 5),
(780, 500, 10),
(781, 501, 4),
(782, 501, 6),
(783, 501, 11),
(784, 502, 4),
(785, 502, 6),
(786, 502, 11),
(787, 503, 3),
(788, 503, 5),
(789, 503, 10),
(790, 504, 1),
(791, 504, 5),
(792, 504, 10),
(793, 505, 30),
(794, 505, 5),
(795, 505, 10),
(796, 506, 30),
(797, 506, 5),
(798, 506, 10),
(802, 508, 4),
(803, 508, 5),
(804, 508, 10),
(805, 509, 4),
(806, 509, 5),
(807, 509, 10),
(808, 510, 3),
(809, 510, 6),
(810, 510, 14),
(811, 511, 1),
(812, 511, 5),
(813, 511, 14),
(814, 512, 3),
(815, 512, 5),
(816, 512, 10),
(817, 513, 4),
(818, 513, 5),
(819, 513, 14),
(820, 514, 4),
(821, 514, 6),
(822, 514, 10),
(823, 515, 4),
(824, 515, 8),
(825, 515, 10),
(826, 516, 4),
(827, 516, 8),
(828, 516, 10),
(829, 517, 1),
(830, 517, 7),
(831, 517, 13),
(832, 518, 1),
(833, 518, 8),
(834, 518, 13),
(835, 519, 1),
(836, 519, 8),
(837, 519, 13),
(841, 521, 1),
(842, 521, 5),
(843, 521, 10),
(844, 522, 3),
(845, 522, 7),
(846, 522, 11),
(847, 523, 1),
(848, 523, 6),
(849, 523, 14),
(850, 524, 1),
(851, 524, 6),
(852, 524, 14),
(853, 525, 30),
(854, 525, 7),
(855, 525, 10),
(856, 526, 1),
(857, 526, 6),
(858, 526, 12),
(859, 527, 30),
(860, 527, 7),
(861, 527, 10),
(862, 528, 4),
(863, 528, 6),
(864, 528, 12),
(865, 529, 4),
(866, 529, 6),
(867, 529, 13),
(868, 530, 3),
(869, 530, 6),
(870, 530, 12),
(871, 531, 3),
(872, 531, 6),
(873, 531, 10),
(874, 532, 3),
(875, 532, 6),
(876, 532, 10),
(877, 533, 4),
(878, 533, 6),
(879, 533, 12),
(880, 534, 4),
(881, 534, 6),
(882, 534, 12);

--
-- Indexes for dumped tables
--

--
-- Indexes for table `acara`
--
ALTER TABLE `acara`
  ADD PRIMARY KEY (`id`);

--
-- Indexes for table `acara_jurusan`
--
ALTER TABLE `acara_jurusan`
  ADD PRIMARY KEY (`id`);

--
-- Indexes for table `jurusan`
--
ALTER TABLE `jurusan`
  ADD PRIMARY KEY (`id`);

--
-- Indexes for table `ticket`
--
ALTER TABLE `ticket`
  ADD PRIMARY KEY (`id`);

--
-- Indexes for table `ticket_detail`
--
ALTER TABLE `ticket_detail`
  ADD PRIMARY KEY (`id`);

--
-- Indexes for table `ticket_detail_siang`
--
ALTER TABLE `ticket_detail_siang`
  ADD PRIMARY KEY (`id`);

--
-- AUTO_INCREMENT for dumped tables
--

--
-- AUTO_INCREMENT for table `acara`
--
ALTER TABLE `acara`
  MODIFY `id` int(11) NOT NULL AUTO_INCREMENT, AUTO_INCREMENT=5;

--
-- AUTO_INCREMENT for table `acara_jurusan`
--
ALTER TABLE `acara_jurusan`
  MODIFY `id` int(11) NOT NULL AUTO_INCREMENT, AUTO_INCREMENT=61;

--
-- AUTO_INCREMENT for table `jurusan`
--
ALTER TABLE `jurusan`
  MODIFY `id` int(11) NOT NULL AUTO_INCREMENT, AUTO_INCREMENT=31;

--
-- AUTO_INCREMENT for table `ticket`
--
ALTER TABLE `ticket`
  MODIFY `id` int(11) NOT NULL AUTO_INCREMENT, AUTO_INCREMENT=557;

--
-- AUTO_INCREMENT for table `ticket_detail`
--
ALTER TABLE `ticket_detail`
  MODIFY `id` int(11) NOT NULL AUTO_INCREMENT, AUTO_INCREMENT=1645;

--
-- AUTO_INCREMENT for table `ticket_detail_siang`
--
ALTER TABLE `ticket_detail_siang`
  MODIFY `id` int(11) NOT NULL AUTO_INCREMENT, AUTO_INCREMENT=883;
COMMIT;

/*!40101 SET CHARACTER_SET_CLIENT=@OLD_CHARACTER_SET_CLIENT */;
/*!40101 SET CHARACTER_SET_RESULTS=@OLD_CHARACTER_SET_RESULTS */;
/*!40101 SET COLLATION_CONNECTION=@OLD_COLLATION_CONNECTION */;
